이름,8시간 미만,8시간,9시간,10시간,11시간 이상,야근 없음,야근 1일 미만,야근 1일,야근 2일,야근 3일 이상,주말 근무 없음,주말 근무 1일 미만,주말 근무 1일,주말 근무 2일,주말 근무 3일 이상,휴가 0-7일,휴가 8-14일,휴가 15-21일,휴가 22-29일,휴가 30일 이상,업무일정 조정 자유,업무일정 조정 상황따라,업무일정 조정 눈치,업무일정 조정 제한적,업무일정 조정 어려움,원격 자유,원격 별도 신청,원격 눈치,원격 제한적,원격 어려움
(주)티몬,5,48,26,13,5,29,19,14,18,18,71,9,6,7,4,24,41,33,0,0,13,44,16,11,13,16,21,18,19,24
(주)위메프,7,52,24,11,4,28,18,17,18,18,75,9,7,3,4,10,42,44,1,0,16,40,15,12,16,17,9,11,24,37
삼성에스디에스(주),2,52,29,12,3,14,23,20,28,12,48,21,15,9,5,15,55,26,2,0,14,53,16,12,2,7,23,15,30,22
(주)엘지유플러스,8,47,23,14,5,33,25,10,11,18,42,13,10,10,23,23,29,40,5,1,18,43,17,10,10,16,25,21,16,21
(주)엘지씨엔에스,9,43,25,14,7,18,28,17,25,10,45,21,12,10,9,7,36,48,6,0,18,40,19,14,6,22,14,25,21,15
(주)케이티,10,47,32,7,1,28,23,19,20,9,64,13,6,7,6,6,20,69,3,0,13,48,21,12,4,4,39,26,11,18
네이버(주),12,45,24,12,6,21,13,16,28,19,60,13,9,9,6,31,43,21,2,0,24,42,13,12,7,40,21,11,15,10
롯데정보통신(주),4,57,23,10,3,17,25,23,20,12,54,24,12,4,4,10,28,53,5,0,12,47,18,16,5,12,16,13,23,33
(주)더존비즈온,4,34,25,21,13,17,12,10,24,34,52,16,12,11,7,20,34,43,0,0,3,26,24,23,21,5,5,11,16,61
(주)카카오,12,69,12,4,1,43,22,13,15,5,76,11,3,6,2,24,33,39,1,0,45,41,5,4,3,44,18,11,11,13
(주)엔씨소프트,4,40,33,13,7,15,17,20,25,20,62,17,8,4,6,15,38,44,0,1,13,44,18,19,3,14,35,18,16,14
케이티씨에스(주),6,74,9,8,0,55,13,9,14,6,47,8,12,24,7,39,42,17,0,0,12,25,12,21,28,1,15,5,19,57
에스케이플래닛(주),0,64,30,5,0,41,12,10,23,12,76,7,7,5,2,10,35,48,5,0,28,58,5,7,0,23,28,15,20,12
효성아이티엑스(주),9,53,28,3,5,46,17,11,11,13,53,10,11,6,16,46,36,16,0,0,10,28,19,17,24,8,16,9,16,48
카페24(주),5,45,28,13,6,21,13,19,23,21,69,10,12,4,3,8,48,32,8,2,19,41,14,11,12,36,19,10,16,17
씨제이올리브네트웍스(주),3,46,35,12,3,4,22,19,31,21,45,22,22,4,4,18,54,25,1,0,15,53,16,10,4,24,34,22,12,6
SK텔레콤(주),7,57,22,9,2,31,26,19,11,10,67,11,10,3,6,14,39,42,3,0,44,39,10,3,1,55,19,19,3,1
요기요,13,50,17,13,5,40,12,14,17,15,68,7,11,5,6,26,48,23,0,0,26,26,12,15,18,33,23,14,16,12
(주)안랩,10,53,25,7,2,37,17,17,18,8,66,14,4,5,7,14,32,50,1,0,7,57,16,11,6,20,17,11,23,27
(주)넥슨코리아,4,62,21,9,1,26,26,15,20,9,84,8,2,1,3,8,31,54,3,1,24,51,13,8,2,29,34,6,17,13
(주)사람인에이치알,5,37,37,13,5,29,15,19,15,19,84,7,3,0,3,27,45,27,0,0,9,31,23,21,13,7,15,17,25,33
(주)야놀자,2,41,32,19,3,16,14,24,25,18,62,13,8,8,7,22,48,27,1,0,14,41,17,16,9,39,20,13,13,12
한국아이비엠(주),8,25,27,25,12,15,8,17,29,29,32,20,17,18,10,20,48,31,0,0,17,50,8,18,5,36,22,10,15,15
(주)인라이플,5,42,18,25,9,14,18,13,25,28,70,6,5,4,12,23,43,30,2,0,4,30,18,18,28,2,12,4,10,70
(주)티맥스소프트,7,42,25,15,9,16,13,16,22,30,49,19,15,9,6,30,49,18,2,0,10,44,12,15,16,4,8,8,19,59
(주)케이티스,6,45,36,4,6,41,21,6,6,23,40,6,14,27,9,22,49,26,0,1,6,11,16,22,42,1,11,13,18,55
(주)케이티알파,8,48,34,6,1,27,22,18,18,12,84,10,1,1,1,12,38,43,5,0,18,46,17,8,8,18,24,13,10,32
미라콤아이앤씨(주),8,59,25,5,1,38,32,12,11,4,69,21,7,1,0,13,50,35,0,0,15,60,12,7,4,6,32,12,26,21
인피닉(주),0,74,5,13,5,31,17,13,13,23,46,20,14,12,8,25,50,21,0,1,19,31,21,13,13,1,5,1,17,72
엔에이치엔(주),16,52,20,10,0,38,12,15,23,10,72,7,15,3,1,26,36,35,1,0,37,37,15,6,3,44,23,20,6,6
(주)코리아센터,9,49,32,4,4,36,23,7,16,15,80,11,1,2,4,11,43,43,1,0,14,39,22,18,5,4,12,16,21,45
(주)우아한형제들,23,25,24,20,7,21,12,18,18,28,48,22,11,6,11,14,47,33,2,2,18,46,13,7,13,42,18,12,16,9
(주)케이티디에스,4,55,28,10,1,17,22,25,20,13,55,13,16,5,9,6,29,59,4,0,14,51,16,10,6,5,40,21,18,13
현대오토에버(주),1,53,23,15,6,24,21,13,21,20,61,17,8,6,5,16,31,48,2,1,16,40,15,10,17,36,24,15,11,12
라인플러스(주),7,39,28,21,3,12,8,17,35,25,64,10,8,8,7,30,53,16,0,0,26,48,14,7,3,60,21,10,7,0
(주)이글루코퍼레이션,5,49,27,6,11,37,17,11,16,16,56,12,10,10,10,17,51,30,0,0,12,30,20,18,17,7,7,3,20,60
(주)신한디에스,6,27,34,13,16,9,8,11,29,41,45,18,18,12,5,34,45,16,2,0,14,38,19,19,8,1,2,9,13,72
에스케이(주),8,62,14,14,0,22,25,20,20,10,54,18,12,14,0,4,45,41,2,6,31,35,20,6,6,33,16,14,25,10
(주)마이다스아이티,0,37,31,15,15,9,18,13,25,34,53,17,6,17,4,42,46,6,2,2,13,46,20,17,2,8,22,28,20,20
넥슨네트웍스(주),5,49,27,11,5,11,29,15,19,23,66,13,3,11,3,13,45,39,1,0,11,47,19,11,9,15,31,11,21,19
(주)다우기술,0,55,31,7,5,26,26,10,21,15,86,2,7,2,0,26,65,5,2,0,7,44,28,15,2,5,23,15,15,39
콘센트릭스서비스코리아(유),4,51,22,9,11,32,10,17,18,21,53,12,11,6,15,33,46,18,2,0,6,38,15,18,21,18,26,11,16,26
엘에스산전(주),26,50,16,6,0,56,26,3,10,3,80,16,0,3,0,3,33,60,3,0,6,56,16,16,3,0,13,26,13,46
(주)커리어넷,12,53,22,8,4,51,18,6,10,14,73,2,10,8,6,22,51,26,0,0,10,24,24,32,8,0,4,6,20,69
나이스평가정보(주),14,48,32,5,0,14,28,30,16,10,62,21,7,3,5,17,55,23,3,0,7,37,26,12,16,1,16,7,33,41
잡코리아(유),4,51,35,8,0,26,17,24,24,6,86,4,2,2,4,15,33,51,0,0,20,51,4,15,8,26,31,8,11,22
한전케이디엔(주),16,52,18,8,4,45,20,10,16,6,60,18,14,6,0,16,41,41,0,0,20,37,27,8,6,4,18,14,25,37
팅크웨어(주),5,35,25,25,7,17,15,12,30,23,69,12,10,5,2,30,41,28,0,0,5,51,15,17,10,2,35,10,23,28
티시스(주),18,51,18,9,3,27,9,24,15,24,45,18,12,6,18,12,21,66,0,0,12,45,21,12,9,3,24,9,21,42
에스케이엠앤서비스(주),21,36,23,12,6,25,14,20,27,12,64,25,6,4,0,12,37,43,6,0,16,45,18,14,4,31,18,16,14,18
여기어때,2,53,12,17,14,22,20,17,12,27,73,19,2,2,2,19,41,39,0,0,9,48,14,19,7,19,12,12,19,36
(주)와이즈스톤,5,53,16,18,5,20,11,11,20,37,51,18,7,7,14,25,31,40,1,0,3,24,3,20,48,7,1,1,16,72
(주)롯데닷컴,0,70,20,10,0,30,30,10,20,10,70,10,20,0,0,60,20,20,0,0,10,70,0,0,20,10,0,0,10,80
휴넷(주),0,34,34,22,8,22,10,12,24,31,65,13,6,10,3,20,37,39,1,0,20,36,13,20,8,6,39,22,17,13
엔테크서비스(주),2,54,36,6,2,16,16,16,32,18,48,28,12,8,4,34,42,18,6,0,28,34,14,8,16,58,8,4,14,16
(주)컴투스,2,57,18,20,2,24,20,16,22,18,60,22,10,6,2,38,46,16,0,0,14,52,14,10,10,18,32,22,16,12
제로웹(주),0,9,36,45,9,0,9,9,36,45,54,0,0,18,27,81,18,0,0,0,0,27,27,27,18,0,9,0,0,90
(주)네오위즈,17,44,24,6,6,24,15,22,20,17,75,20,2,2,0,11,22,64,2,0,17,66,6,6,2,24,33,20,15,6
에스케이커뮤니케이션즈(주),12,68,12,6,0,31,25,25,12,6,75,12,6,6,0,6,56,31,6,0,31,37,18,12,0,37,25,12,6,18
(주)아이파트너즈,6,72,10,6,3,27,37,20,10,3,82,6,3,0,6,10,48,41,0,0,13,34,13,13,24,6,6,10,24,51
메가존(주),6,32,22,28,12,10,12,16,22,40,48,20,14,14,4,34,50,12,4,0,10,26,14,20,30,8,14,12,20,46
(주)다나와,14,50,24,8,1,43,17,13,11,14,84,11,2,1,0,23,49,26,1,0,10,46,21,14,7,21,14,11,23,28
(주)현대이지웰,0,35,25,29,9,9,22,19,22,25,77,12,3,3,3,25,54,19,0,0,3,32,22,9,32,9,12,16,9,51
지오시스(유),4,57,38,0,0,30,28,9,16,14,83,4,4,2,4,35,42,21,0,0,16,40,11,11,19,11,28,9,23,26
(주)아프리카티비,17,34,19,17,11,17,7,15,30,28,38,15,15,11,19,17,46,36,0,0,15,32,11,17,23,13,15,25,19,26
(주)지에스아이티엠,8,50,32,6,1,25,13,24,27,8,65,12,10,8,3,17,39,41,1,0,15,43,15,12,13,6,8,20,20,43
(주)링크프라이스,2,34,37,11,13,23,6,13,18,37,60,11,2,9,16,46,44,9,0,0,9,27,16,20,25,11,11,4,23,48
(주)윈스,5,70,15,10,0,35,20,20,15,10,65,10,7,5,12,25,30,45,0,0,5,50,17,15,12,0,10,5,27,57
신세계아이앤씨(주),3,42,32,11,9,17,21,19,28,13,57,13,17,7,3,15,13,61,9,0,13,55,15,5,9,23,36,17,7,15
(주)써머스플랫폼,9,61,19,9,0,38,23,14,23,0,95,4,0,0,0,0,71,23,4,0,19,28,14,23,14,9,9,4,9,66
케이지이니시스(주),7,53,26,7,3,26,19,15,34,3,69,11,7,11,0,7,50,42,0,0,3,50,19,23,3,11,7,11,26,42
이씨이십일(주),0,46,26,20,6,0,20,26,20,33,26,33,13,20,6,20,53,26,0,0,13,33,20,33,0,20,0,20,13,46
(주)브랜디,6,36,35,12,9,19,15,10,32,20,70,10,6,7,4,34,45,19,1,0,12,36,13,14,23,10,15,13,17,42
(주)이스트소프트,6,44,37,6,3,20,20,6,31,20,55,24,10,6,3,10,55,34,0,0,17,31,17,27,6,17,34,13,13,20
코나아이(주),2,16,32,25,23,11,6,11,18,51,41,20,6,11,18,32,48,18,0,0,6,20,16,20,34,4,18,0,11,65
(주)포스코아이씨티,16,61,19,3,0,31,9,18,28,12,56,9,9,12,12,12,43,43,0,0,28,43,12,12,3,18,9,34,18,18
오픈타이드코리아(주),0,0,0,0,100,0,0,0,0,100,0,100,0,0,0,0,0,0,100,0,0,0,0,0,100,0,0,0,0,100
(주)아이뱅크,12,43,28,7,7,25,20,20,12,20,69,17,5,7,0,5,36,57,0,0,2,53,10,25,7,5,15,7,33,38
씨엔티테크(주),35,45,6,6,6,32,16,22,19,9,61,6,6,16,9,25,19,54,0,0,25,32,25,6,9,3,29,9,12,45
에스케이오앤에스(주),13,62,13,6,3,20,17,10,31,20,17,13,20,31,17,20,41,31,6,0,24,41,20,10,3,17,24,10,17,31
(주)엠서클,10,31,37,13,6,3,31,10,34,20,82,10,0,3,3,24,31,34,10,0,24,44,17,6,6,6,17,20,3,51
(주)미디어로그,5,50,32,8,2,17,23,32,8,17,73,8,14,0,2,14,41,41,0,2,11,44,17,14,11,17,32,11,11,26
데이터스트림즈(주),8,11,28,25,25,2,8,17,20,51,25,17,14,17,25,40,28,28,2,0,2,20,20,17,40,0,2,5,20,71
한국오라클(유),47,39,8,0,4,30,43,13,13,0,56,13,13,17,0,30,39,26,4,0,17,78,4,0,0,60,21,4,8,4
나비스오토모티브시스템즈(주),0,0,20,38,41,0,2,0,8,88,5,11,20,32,29,44,44,11,0,0,5,17,23,23,29,0,14,5,8,70
예스이십사(주),7,47,33,11,0,42,23,14,14,4,80,7,7,2,2,30,50,19,0,0,14,35,7,28,14,4,16,4,26,47
(주)직방,2,36,34,19,7,17,19,14,34,14,53,14,9,4,17,14,31,51,2,0,4,36,26,7,24,60,12,4,7,14
에스케이브로드밴드(주),12,51,21,9,4,41,7,21,19,9,53,24,12,0,9,19,46,31,2,0,29,41,14,9,4,36,19,14,12,17
어니컴(주),14,55,11,7,11,14,37,14,18,14,40,25,22,7,3,18,44,37,0,0,7,37,7,14,33,11,3,3,14,66
(주)웹젠,4,63,27,4,0,13,13,27,22,22,77,13,0,4,4,4,40,45,9,0,9,68,13,4,4,31,18,18,13,18
인크루트알바콜(주),14,57,28,0,0,42,14,14,14,14,100,0,0,0,0,0,42,57,0,0,28,42,28,0,0,42,0,0,28,28
(주)한글과컴퓨터,2,64,17,14,0,35,29,11,14,8,79,8,8,0,2,5,14,73,5,0,8,58,8,14,8,5,23,8,26,35
한국지능정보사회진흥원,11,51,20,8,8,33,13,6,26,20,80,11,2,4,2,31,46,22,0,0,17,33,24,15,8,17,35,35,8,2
줌인터넷(주),2,60,20,10,6,31,16,18,18,14,77,8,6,6,2,10,27,60,2,0,20,45,12,14,6,25,20,29,14,10
(주)써스포,14,21,50,7,7,28,0,28,21,21,64,14,14,7,0,28,50,21,0,0,14,28,28,14,14,14,0,0,7,78
(주)이카운트,2,30,34,28,4,17,15,4,30,32,46,22,24,4,2,23,54,21,0,0,4,21,26,15,32,0,8,23,23,43
메타넷글로벌(유),0,36,18,36,9,0,9,36,36,18,45,18,27,9,0,36,36,9,18,0,9,45,0,27,18,36,18,0,36,9
옐로오투오(주),0,77,0,0,22,22,22,22,11,22,66,11,22,0,0,33,22,44,0,0,11,33,22,11,22,0,22,0,11,66
(주)펜타브리드,7,29,37,11,14,7,7,30,19,34,53,19,7,7,11,19,57,23,0,0,3,57,15,7,15,0,15,11,26,46
(주)위메이드,0,46,20,13,20,13,26,6,13,40,80,0,0,6,13,40,33,26,0,0,13,33,0,26,26,21,0,14,21,42
(주)디지털다임,22,27,22,22,5,11,27,11,22,27,50,11,16,5,16,16,66,16,0,0,16,44,16,16,5,77,5,11,5,0
엔에이치엔커머스(주),4,76,6,6,6,29,29,12,14,12,78,10,6,2,2,19,48,25,6,0,12,57,6,12,10,25,25,4,21,23
(주)와이드넷엔지니어링,11,57,26,3,0,57,15,11,7,7,65,15,15,0,3,3,50,46,0,0,7,30,23,15,23,11,7,3,23,53
네이버시스템(주),0,32,32,24,12,24,16,4,20,36,40,4,16,24,16,20,56,24,0,0,0,36,24,12,28,4,12,8,8,68
(주)아이패밀리에스씨,0,53,20,20,6,13,20,26,13,26,46,13,6,0,33,46,46,6,0,0,0,20,20,26,33,6,13,6,6,66
코오롱베니트(주),20,60,15,0,5,23,33,23,9,9,65,15,0,15,5,9,76,9,0,4,9,38,47,0,4,9,38,0,19,33
(주)이지서티,0,8,40,24,28,0,4,12,20,64,40,20,12,12,16,56,28,12,4,0,8,32,16,24,20,4,0,8,8,80
(주)폴라리스오피스,4,61,23,9,0,33,14,14,33,4,61,28,9,0,0,14,42,38,4,0,19,52,0,28,0,23,42,0,19,14
테스트이앤씨(주),10,60,20,5,5,20,30,25,15,10,70,5,10,10,5,25,45,30,0,0,0,25,15,15,45,5,10,15,15,55
(주)골프존,15,55,25,0,5,40,35,10,10,5,75,20,5,0,0,10,40,45,5,0,10,65,15,10,0,25,20,10,25,20
블루버드(주),5,28,31,22,11,11,20,17,25,25,80,8,8,2,0,11,31,54,2,0,14,37,20,2,25,0,17,8,14,60
다음커뮤니케이션(주),0,50,50,0,0,50,0,50,0,0,0,0,0,50,50,0,50,50,0,0,50,0,50,0,0,50,50,0,0,0
베스핀글로벌(주),7,30,22,20,19,17,16,13,19,33,42,19,16,14,7,19,42,38,0,0,19,42,13,13,11,47,13,14,14,10
(주)아이비케이시스템,6,60,27,6,0,33,24,21,15,6,75,15,0,6,3,30,57,9,3,0,15,48,18,12,6,3,6,0,6,84
(주)파수,13,43,30,6,6,16,36,16,16,13,63,20,6,3,6,13,60,26,0,0,6,43,6,23,20,3,16,10,23,46
퓨렌스(주),6,0,18,18,56,12,0,0,12,75,18,6,12,31,31,43,31,25,0,0,6,12,6,18,56,6,0,6,25,62
(주)코그,4,38,23,19,14,14,4,4,33,42,47,9,9,9,23,38,47,14,0,0,9,42,19,9,19,23,14,4,9,47
(주)토마토시스템,5,38,33,16,5,22,11,16,33,16,83,5,0,5,5,22,33,38,5,0,5,44,16,22,11,11,22,0,22,44
(주)오토소프트,37,55,6,0,0,53,32,11,2,0,81,16,0,2,0,16,44,39,0,0,2,39,6,18,32,0,0,0,4,95
(주)드림어스컴퍼니,5,48,32,13,0,13,13,32,32,8,51,13,16,13,5,10,59,29,0,0,29,45,8,10,5,62,16,5,8,8
현대엠엔소프트(주),0,33,20,40,6,26,6,13,6,46,40,33,13,13,0,0,40,53,6,0,0,26,6,33,33,20,33,13,33,0
(주)제이슨그룹,10,42,36,6,4,22,22,14,18,20,62,14,10,10,2,18,43,37,0,0,12,17,21,23,25,0,4,8,6,81
한국아이비엠테크니컬솔루션(유),5,41,23,29,0,0,5,35,41,17,11,0,23,35,29,11,35,47,5,0,17,47,17,17,0,11,5,29,23,29
(주)알티캐스트,14,47,4,28,4,23,14,9,33,19,61,9,9,14,4,19,57,23,0,0,28,52,9,0,9,33,9,14,28,14
(주)지어소프트,6,25,18,37,12,12,25,0,18,43,43,12,6,31,6,18,50,31,0,0,12,25,25,12,25,6,6,18,0,68
(주)한컴엠디에스,0,61,23,14,0,38,14,23,14,9,80,9,4,0,4,9,52,38,0,0,23,52,4,14,4,4,14,14,28,38
케이지모빌리언스(주),10,48,34,6,0,17,48,10,13,10,72,13,6,6,0,3,34,62,0,0,17,41,20,13,6,13,6,10,27,41
(주)코이스,13,13,20,33,20,0,13,20,13,53,73,6,0,6,13,26,40,26,6,0,6,26,33,13,20,0,13,6,6,73
대우정보시스템(주),0,41,8,8,41,8,8,25,8,50,33,8,16,0,41,25,41,25,0,8,16,0,25,8,50,0,25,8,0,66
한국마이크로소프트(유),23,35,35,5,0,11,27,38,22,0,61,11,16,11,0,33,44,16,5,0,11,33,33,16,5,55,5,16,11,11
(주)애드캡슐소프트,0,28,48,12,12,4,4,24,36,32,20,16,24,40,0,24,56,16,4,0,0,20,20,36,24,4,0,12,16,68
슈어소프트테크(주),12,56,25,6,0,28,31,9,21,9,78,12,3,6,0,28,50,21,0,0,6,59,12,9,12,0,9,9,31,50
쌍용정보통신(주),13,36,26,20,3,13,13,26,30,16,30,33,23,10,3,30,43,26,0,0,10,33,26,10,20,6,6,3,30,53
엔디에스(주),4,37,50,4,4,29,16,20,12,20,70,8,4,12,4,20,45,29,4,0,16,45,8,12,16,12,12,16,8,50
인베니아(주),2,24,12,31,29,7,7,4,29,51,17,31,9,24,17,26,46,26,0,0,7,24,17,19,31,0,7,4,21,65
(주)디비아이엔씨,20,50,25,0,5,35,20,20,20,5,55,30,5,5,5,15,30,55,0,0,25,40,0,15,20,5,25,30,10,30
(주)아사달,10,31,26,21,10,15,15,10,15,42,52,26,10,0,10,15,42,42,0,0,5,42,15,15,21,0,5,5,26,63
유빈스(주),10,47,31,5,5,42,10,10,10,26,57,5,5,5,26,10,47,42,0,0,10,47,10,15,15,5,10,5,15,63
페이레터(주),5,31,10,36,15,5,10,26,10,47,42,5,26,10,15,15,31,52,0,0,10,31,26,15,15,0,15,10,36,36
게임빌(주),7,35,35,14,7,6,20,46,6,20,73,6,6,0,13,20,40,40,0,0,6,33,20,33,6,33,20,20,6,20
(주)위민,0,12,12,50,25,37,0,0,12,50,62,37,0,0,0,62,12,25,0,0,0,0,37,25,37,0,0,12,12,75
(주)조이시티,0,22,18,36,22,9,9,4,31,45,45,31,9,9,4,27,50,18,4,0,9,36,36,9,9,9,27,9,31,22
가비아(주),0,64,29,5,0,47,11,17,17,5,76,11,5,5,0,5,23,35,17,17,5,58,11,5,17,5,17,0,5,70
코난테크놀로지(주),16,53,20,6,3,46,16,16,13,6,73,20,0,3,3,16,43,36,3,0,23,40,23,6,6,0,13,13,13,60
(주)연합뉴스,5,50,30,10,5,45,20,15,20,0,40,5,20,20,15,5,65,25,5,0,5,40,30,5,20,10,15,15,25,35
(주)키위컴퍼니,0,0,0,50,50,0,0,0,33,66,66,33,0,0,0,33,66,0,0,0,0,33,0,0,66,33,0,33,0,33
(주)스마일게이트엔터테인먼트,0,53,26,13,6,20,13,33,13,20,53,20,13,6,6,13,46,40,0,0,6,53,6,13,20,26,33,6,20,13
다날(주),6,58,12,12,9,22,29,16,16,16,83,9,3,3,0,12,48,35,0,3,6,22,25,35,9,6,6,3,41,41
알서포트(주),17,47,27,5,2,27,20,15,22,15,67,17,5,5,5,20,40,35,2,2,17,42,10,12,17,10,30,7,12,40
케이원정보통신(주),8,56,32,0,4,40,12,12,12,24,40,16,8,12,24,20,60,16,4,0,0,48,24,24,4,4,4,16,20,56
이지케어텍(주),0,34,28,32,4,6,12,6,44,30,36,16,28,14,4,32,46,16,4,0,4,20,30,22,22,6,6,16,20,51
(주)컴파트너스,6,66,16,6,3,30,30,6,20,13,90,6,0,3,0,36,53,10,0,0,10,26,16,20,26,13,3,10,26,46
디케이서비스(주),50,0,50,0,0,50,50,0,0,0,100,0,0,0,0,0,50,50,0,0,50,50,0,0,0,0,0,0,0,100
(주)위즈그룹,0,5,22,27,44,5,5,0,22,66,66,5,16,0,11,50,44,5,0,0,0,11,33,16,38,0,0,5,5,88
에스코어(주),0,51,29,12,6,3,19,22,41,12,35,25,25,9,3,6,74,19,0,0,0,41,22,19,16,3,16,12,32,35
에임시스템(주),5,40,29,8,16,16,29,13,18,21,40,27,8,8,16,5,29,64,0,0,2,40,18,21,16,0,16,5,16,62
(주)우리요,8,58,25,8,0,33,33,16,0,16,66,16,16,0,0,25,50,25,0,0,25,33,25,8,8,0,16,0,16,66
(주)비바리퍼블리카,1,13,10,36,37,15,3,5,15,60,40,16,10,15,16,23,37,22,13,3,22,32,20,15,10,37,15,18,8,20
(주)비트컴퓨터,0,19,52,14,14,19,23,9,19,28,38,23,28,0,9,47,23,28,0,0,4,47,14,19,14,19,4,0,4,71
(주)콤텍시스템,6,33,33,13,13,0,26,13,33,26,20,20,20,20,20,26,60,13,0,0,6,26,26,20,20,0,6,20,20,53
(주)녹십자헬스케어,13,21,34,13,17,8,39,0,21,30,52,21,8,13,4,17,65,17,0,0,4,39,17,21,17,0,21,17,21,39
더핑크퐁컴퍼니(주),4,39,30,21,4,17,8,15,32,26,58,17,8,10,4,13,28,41,15,2,15,33,33,8,8,46,13,26,4,8
(주)크래프톤,8,29,21,29,10,16,10,24,21,27,56,13,13,8,8,24,35,37,2,0,27,40,18,5,8,37,24,24,8,5
대보정보통신(주),4,20,50,12,12,29,16,25,16,12,50,20,12,4,12,33,54,8,4,0,4,37,16,8,33,0,4,4,16,75
(주)그라비티,15,61,15,3,3,26,19,23,26,3,65,19,7,0,7,23,30,42,3,0,7,50,15,15,11,0,3,11,7,76
이니텍(주),5,50,30,5,10,15,25,15,15,30,25,25,35,0,15,25,30,40,5,0,10,45,5,20,20,0,10,10,40,40
(주)이모션글로벌,7,35,21,28,7,28,21,7,28,14,64,21,7,7,0,14,35,50,0,0,14,50,7,7,21,7,14,14,35,28
와디즈,0,26,36,24,12,2,6,26,28,36,63,16,8,8,4,24,42,32,0,0,10,38,20,16,14,26,30,26,4,12
케이씨씨정보통신(주),6,31,50,6,6,12,43,0,25,18,37,12,31,12,6,18,37,43,0,0,0,18,43,25,12,0,6,12,25,56
(주)미디어윌네트웍스,15,46,30,0,7,23,23,30,15,7,76,7,7,0,7,23,61,15,0,0,15,46,15,7,15,7,0,15,30,46
(주)엘솔컴퍼니,0,87,12,0,0,37,25,25,12,0,87,0,0,12,0,25,62,12,0,0,25,62,0,12,0,25,12,0,25,37
네오싸이언(주),16,27,27,11,16,33,11,0,16,38,83,5,5,5,0,16,50,33,0,0,0,55,11,5,27,0,11,11,27,50
소리바다(주),0,64,21,0,14,50,7,14,7,21,78,7,7,7,0,21,50,28,0,0,14,21,28,7,28,0,0,0,7,92
엔에이치엔한국사이버결제(주),14,48,25,5,5,31,34,17,14,2,72,16,8,0,2,5,27,66,0,0,11,36,25,16,11,11,16,13,44,13
웹케시(주),11,47,17,23,0,11,23,23,35,5,64,23,5,5,0,11,23,64,0,0,5,52,5,0,35,0,11,23,23,41
(주)타이탄플랫폼,11,44,22,0,22,22,11,11,11,44,44,0,0,11,44,44,44,11,0,0,11,11,22,0,55,0,11,11,0,77
펜타시큐리티시스템(주),0,42,42,9,4,28,19,4,33,14,61,14,9,9,4,9,38,52,0,0,9,52,4,23,9,19,19,14,23,23
유비벨록스(주),20,26,33,13,6,20,13,26,20,20,33,13,33,20,0,20,40,40,0,0,6,20,6,26,40,6,13,6,26,46
(주)가온아이,0,23,42,19,15,7,11,11,30,38,34,11,19,19,15,26,50,23,0,0,0,15,19,30,34,0,3,15,19,61
(주)카카오엔터테인먼트,6,51,20,16,4,25,18,16,18,20,55,11,11,13,6,16,44,39,0,0,18,46,11,13,9,39,23,16,6,13
(주)아이온커뮤니케이션즈,0,83,8,0,8,25,25,8,33,8,50,25,0,16,8,16,33,41,8,0,8,50,25,8,8,0,33,25,16,25
(주)예스콜닷컴,0,66,33,0,0,41,16,16,8,16,91,8,0,0,0,16,50,33,0,0,0,75,0,0,25,0,0,0,25,75
한솔인티큐브(주),0,72,22,5,0,16,27,11,33,11,44,33,11,11,0,22,22,50,5,0,5,38,16,27,11,11,27,16,11,33
(주)디지틀조선일보,17,35,35,5,5,29,11,11,11,35,41,5,23,5,23,35,41,23,0,0,11,35,17,17,17,0,11,17,5,64
(주)바이널씨,3,37,18,37,3,14,3,11,29,40,56,24,8,8,4,18,70,11,0,0,3,44,22,18,11,0,7,18,22,51
(주)유비케어,0,53,26,3,15,23,23,26,11,15,53,11,19,11,3,3,42,53,0,0,7,50,23,3,15,11,15,15,38,19
(주)이트라이브,0,22,38,16,22,22,11,16,22,27,55,27,0,0,16,22,33,44,0,0,5,27,27,5,33,0,5,16,27,50
(주)에쓰씨케이,11,16,44,16,11,21,15,21,21,21,57,21,15,0,5,21,36,31,10,0,21,36,21,10,10,36,26,26,5,5
(주)스포티비,0,16,50,16,16,0,4,4,50,41,8,4,12,8,66,37,37,25,0,0,4,25,29,29,12,0,0,20,4,75
(주)지니,6,40,40,0,13,40,6,13,13,26,86,0,0,0,13,20,53,20,6,0,13,13,20,6,46,0,13,6,0,80
구글코리아(유),9,36,18,27,9,36,9,9,27,18,72,0,18,9,0,9,36,36,18,0,81,9,0,0,9,81,9,9,0,0
아시아나아이디티(주),0,64,23,5,5,17,35,5,29,11,70,5,5,17,0,11,64,23,0,0,5,47,23,17,5,5,35,5,17,35
대신정보통신(주),5,21,26,31,15,0,10,10,26,52,5,21,31,21,21,47,36,15,0,0,5,31,21,15,26,0,15,0,0,84
(주)아이엠비씨,23,46,23,0,7,46,15,15,15,7,53,30,7,0,7,15,38,46,0,0,30,23,30,7,7,23,23,15,7,30
에스큐아이소프트(주),13,46,26,10,3,30,20,23,13,13,66,10,13,3,6,6,50,36,0,6,16,46,3,16,16,13,20,10,16,40
인포뱅크(주),8,25,16,33,16,16,8,8,33,33,75,8,8,0,8,25,58,16,0,0,16,33,8,25,16,16,8,16,33,25
(유)미소,0,11,33,27,27,0,0,0,33,66,27,11,5,16,38,44,38,11,5,0,35,47,5,5,5,27,38,5,0,27
(주)위버스마인드,0,66,33,0,0,16,50,16,16,0,83,0,0,0,16,33,33,33,0,0,0,66,16,0,16,0,50,0,0,50
(주)하이퍼커넥트,6,48,27,17,0,44,6,17,20,10,79,6,0,13,0,17,41,34,3,3,31,41,10,10,6,44,13,6,17,17
한국통신인터넷기술(주),10,21,31,5,31,47,5,5,36,5,21,5,10,0,63,36,42,21,0,0,15,26,0,26,31,10,0,0,21,68
(주)곰앤컴퍼니,23,52,17,5,0,64,17,5,11,0,100,0,0,0,0,5,35,52,5,0,5,64,29,0,0,17,0,5,35,41
(주)진학사,4,50,25,20,0,41,4,16,33,4,58,8,16,4,12,16,45,33,0,4,12,25,20,20,20,16,16,4,33,29
(주)캐스트이즈,0,61,15,15,7,23,53,7,0,15,61,23,7,0,7,0,15,76,7,0,30,53,7,7,0,15,46,7,0,30
(주)푸드나무,0,30,19,30,19,9,11,7,26,45,57,14,9,4,14,28,42,28,0,0,11,35,19,16,16,7,9,0,7,76
(주)영림원소프트랩,3,46,39,3,7,14,17,21,25,21,60,17,17,3,0,32,42,25,0,0,10,46,25,14,3,21,7,10,21,39
(주)싸이버원,0,56,21,4,17,26,30,26,8,8,47,17,8,13,13,21,47,30,0,0,17,30,8,26,17,4,13,8,21,52
디케이유엔씨(주),0,0,100,0,0,50,0,0,0,50,0,0,0,0,100,0,50,50,0,0,0,0,50,50,0,0,50,0,50,0
메가존클라우드(주),12,27,37,12,9,12,19,17,22,27,50,25,14,6,3,33,46,19,0,0,8,46,14,17,12,11,25,20,8,33
케이비데이타시스템(주),12,45,27,6,9,23,23,14,23,14,67,5,14,11,0,20,35,41,2,0,11,32,20,14,20,0,14,11,17,55
(주)솔트룩스,5,44,19,27,2,11,19,8,25,36,50,19,8,22,0,22,47,27,2,0,8,27,16,22,25,8,8,8,30,44
(주)플립커뮤니케이션즈,9,72,0,18,0,36,27,0,27,9,63,0,0,18,18,0,36,63,0,0,18,45,9,18,9,0,9,0,36,54
뱅크웨어글로벌(주),0,34,24,24,17,6,13,20,17,41,48,24,13,6,6,44,31,24,0,0,13,41,13,13,17,20,10,3,13,51
(주)시큐아이,13,34,39,4,8,26,21,13,26,13,73,13,4,8,0,13,39,47,0,0,13,34,13,17,21,4,21,17,13,43
(주)오케이몰,32,22,25,16,3,61,19,3,9,6,51,0,22,25,0,6,3,61,25,3,22,32,6,6,32,19,19,0,19,41
매그넘빈트(주),6,53,26,6,6,6,40,20,26,6,73,13,13,0,0,13,46,40,0,0,13,26,20,20,20,6,0,6,6,80
(주)바이브컴퍼니,2,59,20,6,11,31,13,27,13,13,68,6,9,4,11,15,59,25,0,0,18,38,13,18,11,40,15,20,9,13
(주)엔텔스,0,46,26,0,26,20,13,20,13,33,66,0,13,6,13,13,53,33,0,0,0,53,13,13,20,0,13,20,26,40
미래아이콘(주),0,50,0,0,50,0,0,0,50,50,50,0,0,50,0,100,0,0,0,0,0,0,50,0,50,0,0,0,0,100
스카우트(주),4,70,12,8,4,50,8,8,20,12,50,4,0,29,16,29,58,12,0,0,16,25,16,12,29,8,8,12,12,58
한빛소프트(주),0,80,10,10,0,30,20,20,30,0,70,20,0,10,0,20,70,10,0,0,10,50,20,10,10,0,20,10,0,70
(주)농협정보시스템,4,34,43,13,4,13,8,34,30,13,39,30,17,8,4,8,47,34,8,0,13,39,4,30,13,0,8,4,8,78
(주)씨디네트웍스,26,66,6,0,0,53,33,0,6,6,80,13,0,6,0,6,20,73,0,0,26,73,0,0,0,13,13,20,40,13
나무커뮤니케이션(주),15,65,20,0,0,55,20,10,15,0,85,10,5,0,0,10,55,35,0,0,25,35,15,5,20,20,15,10,15,40
(주)모니터랩,5,50,40,0,5,26,21,10,26,15,73,5,0,5,15,15,52,31,0,0,0,26,26,15,31,5,10,0,10,73
한국지역정보개발원,5,55,22,16,0,22,16,33,22,5,83,11,0,5,0,11,44,38,5,0,0,50,22,27,0,5,11,11,5,66
(주)쿠프마케팅,4,23,33,14,23,9,9,14,28,38,66,14,9,9,0,19,38,42,0,0,9,47,14,14,14,0,33,28,9,28
(주)잉카인터넷,15,75,0,10,0,60,10,15,0,15,90,0,5,5,0,10,50,40,0,0,10,40,15,15,20,0,15,10,5,70
(주)마인즈랩,6,46,6,18,21,25,9,9,21,34,43,18,12,9,15,31,40,28,0,0,12,37,15,12,21,18,25,3,21,31
엔카닷컴(주),5,55,25,5,10,35,20,20,10,15,80,15,5,0,0,30,35,30,5,0,15,45,5,25,10,10,30,15,5,40
틱톡,6,37,21,18,15,16,25,12,12,32,40,18,6,15,18,43,40,12,3,0,15,59,15,9,0,81,3,6,9,0
(주)에티버스,6,43,33,10,6,16,26,33,10,13,79,13,3,3,0,24,48,27,0,0,6,27,31,10,24,6,3,3,17,68
유엔젤(주),13,73,13,0,0,60,26,13,0,0,66,26,0,6,0,13,33,53,0,0,0,53,0,40,6,0,13,13,13,60
이퓨전아이(주),26,42,15,10,5,26,21,21,21,10,94,0,0,5,0,0,57,42,0,0,0,63,15,10,10,10,5,26,21,36
(주)레뷰코퍼레이션,18,40,37,3,0,51,14,18,7,7,81,3,14,0,0,7,29,62,0,0,7,59,22,7,3,11,3,22,18,44
드래곤플라이(주),14,0,0,14,71,0,0,0,14,85,71,14,0,0,14,57,42,0,0,0,14,42,14,14,14,14,14,0,0,71
한국내쇼날인스트루먼트(주),5,42,42,5,5,26,36,10,10,15,73,21,0,5,0,15,47,36,0,0,26,63,5,0,5,36,26,10,21,5
(주)엑셈,35,30,25,10,0,10,30,15,30,15,80,5,5,10,0,0,55,45,0,0,15,45,15,10,15,5,25,5,10,55
에이텍(주),8,25,41,25,0,0,50,16,16,16,50,16,0,33,0,16,58,25,0,0,8,33,16,33,8,0,0,8,16,75
현대에이치디에스(주),11,38,33,11,5,5,22,33,27,11,50,33,0,5,11,11,50,38,0,0,5,22,33,33,5,0,27,5,16,50
(주)골드넥스,0,5,25,45,25,5,0,5,40,50,65,20,5,0,10,30,70,0,0,0,0,30,25,30,15,30,10,5,20,35
굿어스(주),15,40,35,5,5,20,20,35,10,15,45,20,20,0,15,15,50,35,0,0,15,65,0,10,10,5,10,15,15,55
인피니트헬스케어(주),7,53,21,14,3,39,10,28,7,14,53,7,17,7,14,7,25,57,10,0,17,42,14,21,3,3,17,14,25,39
굿모닝아이텍(주),11,23,46,11,7,23,19,11,23,23,42,19,11,23,3,26,57,15,0,0,15,57,19,7,0,19,19,30,23,7
이데일리(주),9,45,18,18,9,20,30,20,10,20,36,27,9,9,18,18,27,45,9,0,9,27,36,9,18,9,9,9,27,45
한일네트웍스(주),31,52,15,0,0,31,26,26,15,0,52,26,15,5,0,5,10,84,0,0,10,26,26,15,21,21,10,5,21,42
네비웍스(주),0,8,32,48,12,0,8,12,24,56,24,20,16,32,8,16,52,32,0,0,4,16,16,36,28,0,8,0,0,92
동양네트웍스(주),0,25,50,25,0,0,0,50,25,25,50,25,0,25,0,50,25,25,0,0,25,50,25,0,0,0,0,0,0,100
에스에이피코리아(주),27,18,54,0,0,36,0,36,27,0,72,0,27,0,0,0,54,27,9,9,45,36,9,9,0,72,9,18,0,0
(주)무브게임즈,9,27,31,18,13,22,31,4,13,27,77,13,0,9,0,27,50,22,0,0,0,18,22,40,18,0,4,4,9,81
(주)알앤비소프트,0,47,34,13,4,13,17,17,30,21,30,39,17,13,0,30,47,21,0,0,4,30,43,17,4,4,8,8,34,43
(주)투비소프트,0,75,16,8,0,33,41,8,16,0,75,16,0,8,0,50,16,33,0,0,8,50,16,25,0,0,16,8,33,41
(주)파이오링크,23,38,38,0,0,46,23,7,15,7,76,15,0,0,7,7,38,53,0,0,23,38,7,15,15,15,7,23,15,38
더화이트커뮤니케이션(주),4,50,25,12,8,50,8,12,8,20,79,8,4,4,4,50,41,8,0,0,16,16,8,8,50,4,4,4,12,75
한국모바일인증(주),0,55,22,11,11,17,35,11,11,23,61,11,5,5,16,22,33,44,0,0,0,27,16,22,33,0,0,0,16,83
(주)엠에스티씨,8,66,12,12,0,37,16,8,25,12,87,4,4,4,0,8,50,37,4,0,12,20,12,12,41,4,12,12,20,50
(주)이테크시스템,4,47,14,23,9,19,19,9,23,28,33,9,14,19,23,9,66,23,0,0,0,61,23,4,9,4,4,9,14,66
(주)피씨엔,0,33,50,16,0,0,16,16,33,33,66,0,0,33,0,16,66,16,0,0,0,66,33,0,0,0,16,0,50,33
슈어엠(주),11,52,17,11,5,17,11,17,35,17,29,11,35,5,17,29,52,17,0,0,0,41,23,0,35,5,0,11,5,76
아이피그룹(주),25,75,0,0,0,91,8,0,0,0,91,8,0,0,0,0,58,41,0,0,0,33,8,41,16,0,0,16,33,50
(주)웹이즈,0,9,47,38,4,4,4,0,28,61,90,0,9,0,0,47,47,4,0,0,0,14,19,23,42,0,0,0,19,80
위니텍(주),0,45,27,18,9,0,27,27,27,18,45,45,0,0,9,45,36,18,0,0,9,27,27,27,9,0,0,9,18,72
이루온(주),0,40,20,20,20,6,13,33,13,33,33,13,6,26,20,40,46,13,0,0,6,33,26,0,33,13,0,0,13,73
케이엘정보통신(주),0,40,18,22,18,4,18,18,22,36,22,9,13,31,22,27,36,31,4,0,4,36,13,18,27,4,4,0,4,86
(주)스터디맥스,0,62,12,25,0,37,0,25,25,12,87,0,0,0,12,37,62,0,0,0,0,50,0,0,50,0,12,0,25,62
(주)에이에스피엔,14,35,35,14,0,28,7,28,14,21,50,35,7,0,7,7,35,50,7,0,21,35,21,14,7,7,14,28,7,42
(주)엔비티,0,38,30,30,0,0,30,7,15,46,76,0,15,0,7,23,30,23,7,15,38,38,7,15,0,7,23,15,15,38
미디어젠(주),9,36,27,27,0,22,22,9,18,27,45,27,9,13,4,18,36,40,0,4,9,36,13,0,40,4,13,18,18,45
아이덴티티게임즈(주),5,47,31,10,5,0,26,15,42,15,73,26,0,0,0,26,31,36,5,0,5,57,21,15,0,21,15,26,10,26
디비에프아이에스(주),4,47,33,14,0,19,19,38,19,4,52,28,14,4,0,9,42,47,0,0,4,47,23,14,9,0,4,28,33,33
(주)더크림유니언,0,53,15,15,15,15,15,0,23,46,69,23,7,0,0,7,30,61,0,0,0,23,23,7,46,7,15,7,15,53
(주)얍컴퍼니,14,71,0,14,0,71,0,28,0,0,100,0,0,0,0,0,57,42,0,0,28,57,14,0,0,28,14,0,28,28
한진정보통신(주),15,61,15,0,7,23,61,0,7,7,53,30,0,15,0,7,15,69,7,0,30,38,7,15,7,0,7,15,30,46
토비스(주),0,7,53,32,7,7,3,21,25,42,57,17,14,3,7,14,64,21,0,0,7,53,3,28,7,10,7,10,17,53
(주)아스템즈,0,43,36,20,0,20,23,20,16,20,40,16,10,23,10,10,36,53,0,0,0,36,23,20,20,13,20,10,10,46
(주)후이즈,0,88,0,11,0,77,11,0,11,0,66,22,0,0,11,11,66,22,0,0,22,44,11,22,0,0,33,33,33,0
우리에프아이에스(주),0,50,41,0,8,0,50,25,16,8,33,41,0,8,16,41,50,0,8,0,8,58,0,16,16,8,8,0,0,83
한국정보통신(주),9,27,54,9,0,27,36,18,9,9,63,27,0,9,0,27,54,18,0,0,9,54,9,0,27,0,27,0,9,63
싸이버로지텍(주),14,61,9,14,0,47,28,9,4,9,76,9,4,9,0,4,33,61,0,0,28,47,23,0,0,14,52,19,9,4
(주)옐로모바일,0,33,0,33,33,0,16,33,0,50,16,33,16,0,33,50,16,33,0,0,16,50,33,0,0,33,16,16,0,33
(주)판도라티비,14,57,28,0,0,14,71,0,14,0,71,28,0,0,0,28,71,0,0,0,14,71,14,0,0,0,28,28,0,42
라온시큐어(주),10,40,30,20,0,30,15,10,30,15,65,5,15,10,5,5,45,50,0,0,20,35,15,20,10,20,35,15,10,20
(주)진코퍼레이션,0,42,39,14,3,21,25,7,21,25,57,17,10,7,7,21,46,32,0,0,7,39,17,25,10,10,7,7,10,64
에이치엔아이엔씨(주),0,27,55,11,5,5,22,27,16,27,66,16,5,5,5,16,61,16,5,0,11,38,11,22,16,0,22,0,22,55
(주)팍스넷,11,44,44,0,0,50,27,11,11,0,72,16,0,11,0,5,44,44,0,5,16,27,22,5,27,5,5,5,11,72
(주)샌드박스네트워크,10,43,24,13,8,18,18,8,40,13,45,13,21,10,8,32,43,24,0,0,19,52,8,11,8,40,21,8,10,18
(주)엠로,0,40,26,26,6,14,21,14,35,14,60,13,0,13,13,6,93,0,0,0,0,33,33,13,20,0,13,0,33,53
(주)레진엔터테인먼트,0,53,6,40,0,6,26,26,26,13,66,20,6,6,0,6,26,60,6,0,6,60,20,6,6,26,13,13,13,33
블리자드엔터테인먼트(유),0,62,25,0,12,50,25,0,12,12,37,12,0,12,37,0,25,62,12,0,12,62,12,0,12,50,37,0,0,12
비스텔(주),0,50,10,40,0,30,10,20,30,10,60,10,0,30,0,10,70,20,0,0,10,80,10,0,0,40,10,20,10,20
(주)소만사,0,35,29,35,0,5,29,0,47,17,47,23,17,5,5,41,41,17,0,0,5,41,23,11,17,5,5,23,11,52
엑스엘게임즈(주),5,40,45,10,0,35,25,25,10,5,70,10,10,10,0,15,35,50,0,0,20,35,25,10,10,35,15,5,20,25
테크빌교육(주),10,50,25,15,0,20,15,20,35,10,55,15,10,20,0,15,50,30,5,0,5,70,15,10,0,5,10,15,35,35
한화에스앤씨(주),0,0,100,0,0,0,0,0,0,100,0,100,0,0,0,0,0,100,0,0,0,100,0,0,0,0,100,0,0,0
(주)시큐브,25,62,0,0,12,75,12,0,0,12,62,37,0,0,0,12,62,25,0,0,25,62,0,0,12,0,0,25,12,62
(주)엘루오씨앤씨,0,63,9,27,0,36,18,9,9,27,72,9,9,9,0,0,54,45,0,0,18,36,18,9,18,9,18,0,18,54
(주)링네트,6,26,33,26,6,6,20,26,20,26,6,26,26,20,20,40,53,6,0,0,20,53,20,6,0,6,6,0,40,46
(주)엔키아,9,63,9,18,0,27,27,9,27,9,72,18,0,9,0,18,54,27,0,0,0,45,27,9,18,0,0,0,18,81
(주)엠스텍,0,66,33,0,0,22,11,11,33,22,33,33,22,0,11,33,33,33,0,0,11,22,22,0,44,0,11,0,0,88
(주)티맥스데이터,0,21,31,42,5,5,21,21,21,31,36,26,10,21,5,10,57,31,0,0,10,47,15,10,15,0,10,0,26,63
(주)와이드모바일,0,80,20,0,0,60,20,0,0,20,60,20,0,10,10,30,20,50,0,0,20,30,30,0,20,0,20,10,0,70
(주)휴머스온,0,40,48,12,0,16,16,12,44,12,56,28,4,4,8,16,48,36,0,0,0,32,20,24,24,12,12,4,12,60
네이버클라우드(주),0,13,40,36,9,4,17,8,17,52,60,4,8,17,8,47,30,21,0,0,26,52,4,8,8,73,17,4,0,4
마크애니(주),4,70,8,16,0,25,41,16,16,0,79,12,4,4,0,8,41,50,0,0,20,37,8,25,8,16,45,8,4,25
엠게임(주),9,18,63,9,0,9,9,36,27,18,54,9,0,36,0,18,63,18,0,0,9,27,27,27,9,9,9,9,0,72
와치텍(주),0,23,29,23,23,5,5,11,29,47,82,5,0,5,5,41,41,17,0,0,5,41,11,23,17,0,5,5,29,58
하이브랩(주),0,41,41,12,4,8,25,25,29,12,70,20,4,4,0,4,25,70,0,0,4,45,8,20,20,25,4,4,16,50
현대정보기술(주),0,100,0,0,0,0,100,0,0,0,100,0,0,0,0,0,100,0,0,0,0,100,0,0,0,0,100,0,0,0
(주)브리지텍,0,18,27,36,18,4,18,13,18,45,36,13,18,9,22,18,27,54,0,0,9,22,13,36,18,4,0,18,36,40
(주)아이티센,6,12,43,18,18,6,12,31,31,18,56,12,0,12,18,31,31,37,0,0,12,37,12,12,25,12,0,6,18,62
(주)와일리,5,47,23,17,5,25,12,18,25,18,70,17,5,5,0,35,47,17,0,0,0,47,5,29,17,0,0,0,29,70
(주)인벤,38,15,7,23,15,23,0,7,30,38,38,23,15,23,0,15,53,30,0,0,30,15,7,30,15,23,30,7,15,23
(주)케이에스넷,7,40,37,11,3,25,18,11,37,7,74,14,3,3,3,25,29,44,0,0,14,59,14,7,3,11,22,14,25,25
스포카(주),0,50,50,0,0,75,12,0,12,0,100,0,0,0,0,25,25,50,0,0,50,50,0,0,0,12,50,0,25,12
씨에이에스(주),0,37,31,25,6,18,12,6,31,31,37,37,6,6,12,18,56,18,0,6,0,18,12,43,25,6,0,25,12,56
위자드랩(주),8,33,16,25,16,16,16,8,33,25,66,0,16,0,16,16,25,58,0,0,8,16,16,25,33,0,0,8,8,83
(주)오픈베이스,10,60,10,10,10,10,10,40,30,10,40,20,0,10,30,20,50,30,0,0,30,60,0,10,0,20,40,10,10,20
(주)와이디온라인,0,66,0,33,0,33,0,33,0,33,66,0,33,0,0,33,66,0,0,0,0,66,0,33,0,0,33,0,0,66
에릭슨엘지(주),0,75,0,25,0,25,25,12,37,0,75,12,0,12,0,0,25,75,0,0,12,75,12,0,0,50,0,12,37,0
중외정보기술(주),8,25,58,8,0,8,8,33,25,25,33,8,25,16,16,25,41,33,0,0,16,41,8,16,16,16,33,8,25,16
(주)나온소프트,0,17,58,23,0,5,5,23,35,29,64,23,11,0,0,23,52,23,0,0,0,41,23,11,23,0,5,5,11,76
(주)인젠트,12,31,18,37,0,6,6,12,31,43,50,25,18,0,6,18,62,18,0,0,6,31,25,12,25,12,6,6,25,50
메가넥스트(주),14,57,28,0,0,42,14,42,0,0,85,14,0,0,0,28,28,28,14,0,14,42,14,14,14,14,14,14,42,14
에이케이아이에스(주),8,41,8,33,8,0,33,25,8,33,33,33,25,0,8,8,33,58,0,0,33,58,8,0,0,16,16,8,25,33
콤텍정보통신(주),20,20,40,20,0,20,20,0,60,0,40,20,0,40,0,40,40,20,0,0,0,60,0,40,0,0,20,20,20,40
이씨플라자(주),7,76,15,0,0,38,23,0,23,15,100,0,0,0,0,30,53,15,0,0,7,23,15,7,46,0,7,0,15,76
크리스피드(주),0,18,31,40,9,18,9,13,18,40,40,18,13,18,9,22,63,13,0,0,0,54,4,27,13,0,9,13,31,45
(주)매경닷컴,15,53,23,7,0,61,30,0,0,7,61,7,15,0,15,30,38,30,0,0,0,38,15,30,15,7,0,7,30,53
(주)집토스,17,23,26,23,8,8,8,8,20,52,23,11,8,8,47,32,61,5,0,0,14,50,20,2,11,14,5,17,20,41
딜리(주),6,6,13,26,46,0,0,13,13,73,6,13,13,26,40,80,20,0,0,0,0,6,6,13,73,0,0,0,6,93
(주)위세아이텍,0,56,8,26,8,21,17,21,21,17,43,26,8,13,8,47,47,4,0,0,4,43,13,26,13,0,8,0,26,65
두산정보통신(주),20,40,20,20,0,40,20,20,20,0,60,40,0,0,0,0,0,60,40,0,0,100,0,0,0,40,20,0,40,0
라온피플(주),3,3,30,23,38,3,0,11,11,73,50,7,11,11,19,15,34,50,0,0,3,23,11,19,42,0,7,0,7,84
스테이션3(주),36,18,36,9,0,81,18,0,0,0,81,9,0,9,0,9,36,54,0,0,27,27,9,18,18,9,0,9,0,81
케이웨더(주),13,26,46,6,6,20,26,33,13,6,66,26,6,0,0,6,86,6,0,0,13,26,20,20,20,0,6,6,6,80
(주)사이버다임,5,25,25,10,35,5,10,20,25,40,40,30,20,10,0,25,45,30,0,0,0,30,5,40,25,0,5,10,5,80
(주)중고나라,20,30,40,5,5,35,15,30,5,15,75,10,0,0,15,15,65,20,0,0,15,35,10,20,20,0,5,10,15,70
시스게이트(주),0,28,21,14,35,28,7,0,21,42,7,7,14,28,42,50,50,0,0,0,7,35,21,14,21,0,0,7,0,92
아이템베이(주),14,57,14,7,7,42,21,14,0,21,64,28,0,0,7,7,71,21,0,0,28,42,7,7,14,7,14,0,42,35
위엠비(주),0,57,14,28,0,42,14,21,14,7,64,21,0,0,14,7,28,64,0,0,7,57,21,14,0,7,0,14,14,64
(주)인성정보,16,25,41,16,0,8,25,25,16,25,33,25,16,16,8,25,50,25,0,0,8,58,8,0,25,25,41,8,8,16
코코네(주)(영업소),0,28,25,35,10,7,21,10,14,46,53,7,10,3,25,21,57,21,0,0,3,21,21,28,25,46,10,17,21,3
(주)모비젠,0,58,23,17,0,35,17,23,11,11,64,23,5,5,0,0,52,41,5,0,0,58,23,17,0,5,5,0,35,52
(주)에이트원,0,30,46,23,0,23,15,15,15,30,76,7,7,0,7,30,53,15,0,0,7,38,7,15,30,7,0,15,15,61
(주)유비온,4,54,27,9,4,27,9,13,31,18,40,4,31,9,13,27,45,22,4,0,4,31,31,13,18,4,9,31,18,36
(주)플레이오토,0,66,33,0,0,66,20,0,13,0,100,0,0,0,0,13,33,53,0,0,13,40,20,0,26,0,7,7,35,50
소프트캠프(주),6,56,25,6,6,18,37,18,18,6,62,31,0,0,6,18,56,25,0,0,0,68,12,12,6,12,18,18,12,37
(주)씨케이앤비,10,25,35,0,30,5,30,5,25,35,90,0,5,0,5,25,55,20,0,0,10,35,25,10,20,5,0,0,10,85
(주)유웨이어플라이,0,66,11,0,22,22,22,22,11,22,22,44,11,22,0,11,22,55,11,0,0,66,11,0,22,0,11,22,33,33
인픽스(주),0,61,23,7,7,7,30,7,30,23,69,23,7,0,0,30,61,7,0,0,7,46,23,15,7,0,0,0,23,76
(주)이토마토,0,11,33,44,11,33,0,22,22,22,33,33,33,0,0,44,44,11,0,0,0,44,11,22,22,0,11,0,11,77
(주)코비젼,6,3,60,30,0,6,3,13,36,40,36,26,6,16,13,40,40,20,0,0,3,23,20,40,13,0,20,6,16,56
유플리트(주),0,55,33,11,0,22,22,11,33,11,77,22,0,0,0,11,44,44,0,0,0,33,0,55,11,0,22,0,33,44
(주)토탈소프트뱅크,0,47,21,26,5,10,15,10,26,36,52,10,5,21,10,31,57,5,0,5,5,21,15,36,21,0,21,10,21,47
브레인즈컴퍼니(주),0,55,22,22,0,22,0,33,22,22,66,11,11,0,11,0,66,33,0,0,33,11,22,11,22,0,44,11,22,22
세종텔레콤(주),10,30,10,10,40,50,30,0,10,10,80,0,0,0,20,20,30,50,0,0,10,50,10,0,30,10,0,20,10,60
아마존웹서비스,4,21,30,21,21,13,13,17,21,34,52,4,8,13,21,43,43,8,4,0,26,56,0,13,4,86,4,4,0,4
한국자산평가(주),31,51,13,3,0,31,41,13,6,6,75,13,3,3,3,10,55,31,3,0,24,41,10,17,6,34,13,10,24,17
(주)누리플렉스,5,55,30,5,5,20,45,10,15,10,60,20,5,0,15,15,50,30,0,5,0,50,20,10,20,5,10,10,25,50
(주)디케이아이테크놀로지,0,80,10,0,10,20,50,0,20,10,80,20,0,0,0,20,40,40,0,0,10,20,0,20,50,0,10,10,10,70
데브시스터즈(주),3,44,34,6,10,10,6,31,27,24,58,17,0,13,10,17,27,44,3,6,37,27,20,10,3,44,20,20,10,3
(주)빗썸코리아,8,25,20,20,25,16,8,8,25,41,33,25,8,12,20,37,41,20,0,0,33,20,16,16,12,16,25,8,12,37
(주)유디아이디,8,66,16,8,0,58,8,8,16,8,91,8,0,0,0,25,41,33,0,0,16,41,25,8,8,0,8,8,8,75
유라클(주),0,50,16,8,25,0,25,16,33,25,66,0,0,8,25,16,50,33,0,0,0,33,8,41,16,0,8,16,41,33
(주)넷앤드,0,41,16,41,0,16,16,8,25,33,41,33,8,8,8,25,50,16,8,0,25,41,8,16,8,16,33,16,8,25
비플라이소프트(주),7,53,30,0,7,15,30,30,15,7,61,15,15,7,0,30,30,38,0,0,0,53,23,15,7,0,7,7,15,69
아이헤이트플라잉버그스(주),13,30,40,6,10,33,13,10,16,26,90,0,0,3,6,56,40,0,0,3,3,16,0,23,56,0,13,3,33,50
(주)디파이,0,40,13,26,20,0,13,0,46,40,33,40,20,0,6,26,46,26,0,0,0,26,26,26,20,0,6,6,40,46
(주)라이클,11,76,5,5,0,58,17,11,11,0,94,5,0,0,0,5,47,47,0,0,23,58,5,5,5,29,5,5,11,47
(주)펀엔씨,8,58,25,8,0,50,8,8,16,16,58,33,0,0,8,33,33,33,0,0,25,41,8,8,16,8,0,8,0,83
(주)플랜아이,9,59,13,13,4,22,27,13,31,4,40,45,9,0,4,18,50,31,0,0,4,54,18,4,18,4,4,27,18,45
네오플(주),12,6,37,37,6,6,25,6,31,31,37,43,12,6,0,25,37,25,12,0,12,62,18,0,6,18,25,37,6,12
모바일리더(주),23,41,23,11,0,23,29,11,23,11,52,29,11,0,5,17,23,58,0,0,0,47,23,23,5,0,23,5,17,52
이음소시어스(주),0,75,25,0,0,25,25,0,25,25,50,0,25,0,25,25,75,0,0,0,0,75,0,25,0,25,25,0,25,25
(주)선데이토즈,18,68,12,0,0,50,37,6,6,0,87,6,6,0,0,0,75,25,0,0,0,56,12,18,12,37,6,6,37,12
(주)아이콘루프,44,44,0,11,0,33,44,11,11,0,66,33,0,0,0,22,33,44,0,0,22,44,11,22,0,33,22,33,11,0
씨앤토트플러스(주),0,90,10,0,0,30,10,30,30,0,20,10,40,20,10,40,40,20,0,0,0,50,20,10,20,10,20,0,40,30
(주)생각연구소,5,0,52,15,26,0,0,5,42,52,57,0,15,15,10,15,57,21,5,0,10,36,15,10,26,15,0,5,15,63
넷마블몬스터(주),0,58,16,16,8,25,8,25,33,8,66,16,0,0,16,16,50,33,0,0,0,50,8,16,25,16,16,8,33,25
리파인(주),0,25,62,0,12,12,12,25,25,25,62,0,12,12,12,37,25,25,12,0,0,12,0,50,37,0,0,12,37,50
(주)셀바스에이아이,18,36,27,18,0,27,27,27,18,0,45,18,27,9,0,18,27,54,0,0,18,54,27,0,0,18,27,18,9,27
(주)핑거,0,42,28,21,7,0,14,28,28,28,50,35,0,7,7,14,50,35,0,0,0,35,14,35,14,0,0,7,21,71
(주)헬로인사,0,100,0,0,0,0,0,60,20,20,60,0,40,0,0,80,20,0,0,0,20,20,20,20,20,0,0,20,20,60
한국콩스버그마리타임(주),27,27,27,18,0,36,9,18,0,36,50,20,0,0,30,9,9,27,54,0,9,18,0,45,27,18,0,27,27,27
(주)오파스넷,14,35,35,14,0,21,21,7,50,0,35,21,21,14,7,21,42,35,0,0,14,42,35,0,7,14,14,21,14,35
(주)이포넷,0,28,35,28,7,6,20,20,20,33,66,20,6,6,0,20,46,33,0,0,6,40,33,6,13,6,0,0,20,73
갤럭시아머니트리(주),10,20,50,10,10,20,20,10,30,20,80,20,0,0,0,20,40,40,0,0,0,10,30,30,30,0,0,10,30,60
노아에스앤씨(주),0,34,26,23,15,11,14,14,22,37,33,33,18,3,11,33,33,29,3,0,3,33,11,18,33,7,7,0,7,77
(주)그린웍스,0,23,46,7,23,7,0,15,30,46,15,23,23,0,38,15,53,23,7,0,7,7,23,23,38,7,15,7,0,69
맵퍼스(주),8,75,8,8,0,33,25,16,25,0,100,0,0,0,0,8,33,58,0,0,8,50,0,33,8,8,16,8,25,41
에스넷시스템(주),5,41,17,29,5,5,35,5,29,23,29,35,5,23,5,11,52,29,5,0,11,52,23,11,0,0,5,23,23,47
(주)디유넷,0,71,14,14,0,28,28,14,14,14,71,14,14,0,0,0,71,28,0,0,0,85,0,14,0,0,14,14,57,14
(주)엔에이치엔다이퀘스트,21,63,5,5,5,26,36,10,10,15,63,26,0,5,5,26,47,26,0,0,10,57,15,5,10,0,15,10,26,47
(주)여보야,0,20,41,29,8,0,8,25,16,50,33,37,20,0,8,29,54,16,0,0,0,20,25,16,37,0,0,4,4,91
(주)핸디소프트,0,30,60,0,10,0,18,18,45,18,36,36,18,0,9,36,45,18,0,0,9,45,9,18,18,0,36,9,9,45
엘지히다찌(주),0,16,50,33,0,0,16,0,50,33,50,16,33,0,0,0,83,16,0,0,16,50,0,33,0,16,33,16,16,16
(주)뱅크샐러드,0,40,34,21,3,15,12,15,37,18,53,21,9,9,6,34,37,25,0,3,34,46,9,6,3,53,34,6,6,0
(주)컴트루테크놀로지,0,28,28,28,14,14,14,0,14,57,42,28,0,28,0,42,42,14,0,0,14,57,14,14,0,14,0,0,14,71
(주)탑코,0,27,40,18,13,13,18,27,9,31,45,27,13,4,9,68,27,4,0,0,13,18,18,27,22,4,18,13,13,50
(주)파인원커뮤니케이션즈,0,25,35,30,10,5,15,10,35,35,45,15,25,0,15,15,45,35,5,0,5,40,10,15,30,5,0,20,30,45
잡플래닛,4,45,32,8,8,24,19,20,17,17,52,13,10,14,8,23,40,31,4,0,12,39,20,18,8,5,20,12,13,48
이랜드시스템스(주),0,20,60,20,0,0,0,40,60,0,40,0,20,40,0,0,20,80,0,0,20,20,0,40,20,0,0,20,60,20
퓨즈(주),0,45,27,27,0,0,18,18,63,0,54,36,9,0,0,18,54,27,0,0,0,36,0,36,27,0,9,9,0,81
(주)네이블커뮤니케이션즈,9,36,36,18,0,9,27,9,27,27,63,18,9,0,9,9,36,54,0,0,0,63,18,18,0,0,18,0,36,45
교보정보통신(주),5,78,10,0,5,26,21,31,15,5,68,15,5,5,5,21,42,36,0,0,15,42,15,5,21,5,15,5,26,47
에스지에이(주),40,60,0,0,0,60,40,0,0,0,80,0,20,0,0,40,40,20,0,0,40,0,0,40,20,40,0,0,0,60
(주)와그,33,16,0,33,16,33,16,0,0,50,83,16,0,0,0,16,50,33,0,0,33,50,0,16,0,16,16,0,0,66
(주)유호스트,0,66,33,0,0,22,11,44,11,11,62,0,12,12,12,33,44,22,0,0,11,22,33,11,22,0,11,11,0,77
누리미디어(주),0,58,25,16,0,41,16,16,8,16,66,0,16,16,0,33,50,16,0,0,0,50,25,8,16,0,50,33,8,8
평화이즈(주),20,46,26,6,0,26,13,20,26,13,26,20,40,13,0,0,46,53,0,0,6,60,26,6,0,6,0,6,26,60
(주)비아이매트릭스,0,35,17,29,17,0,23,5,23,47,64,23,0,0,11,52,47,0,0,0,0,23,11,29,35,0,0,0,11,88
(주)앱코,3,41,12,25,16,12,15,15,18,37,65,9,6,9,9,31,56,12,0,0,0,43,12,21,21,0,3,0,12,84
(주)에스아이티,0,35,21,42,0,0,7,14,42,35,71,7,7,14,0,0,42,50,0,7,0,57,7,28,7,0,14,14,28,42
네티브(주),28,42,14,0,14,42,14,0,28,14,71,0,0,14,14,14,42,42,0,0,14,14,28,0,42,0,0,14,0,85
비에스지파트너스(주),35,35,11,11,5,5,35,17,29,11,88,5,0,0,5,35,23,41,0,0,17,41,17,11,11,17,0,0,23,58
삼양데이타시스템(주),9,18,9,18,45,0,36,0,0,63,27,18,18,9,27,45,36,18,0,0,9,9,18,36,27,0,9,9,27,54
펜타시스템테크놀러지(주),0,62,18,12,6,18,25,18,31,6,50,37,6,6,0,50,43,6,0,0,6,56,18,6,12,6,12,0,25,56
(주)마이셀럽스,11,62,14,11,0,23,19,23,11,23,70,11,14,0,3,40,56,4,0,0,7,37,14,18,22,0,14,11,22,51
(주)메트릭스코퍼레이션,12,50,12,25,0,0,25,25,37,12,50,37,0,0,12,37,37,25,0,0,25,37,0,37,0,25,12,12,25,25
(주)어스얼라이언스,0,33,66,0,0,0,0,33,33,33,33,66,0,0,0,33,66,0,0,0,0,33,0,33,33,33,0,0,0,66
(주)에이디앤스타일,25,50,25,0,0,37,25,25,12,0,100,0,0,0,0,12,50,37,0,0,0,37,12,25,25,0,0,0,12,87
(주)케이아이엔엑스,29,29,29,11,0,23,23,23,23,5,58,23,0,0,17,5,47,47,0,0,11,52,11,11,11,11,0,5,35,47
(주)포비즈코리아,0,0,41,33,25,0,0,8,41,50,41,16,8,0,33,58,41,0,0,0,0,16,41,16,25,0,8,8,33,50
네이버아이앤에스(주),0,12,37,25,25,0,12,12,12,62,50,12,12,25,0,62,37,0,0,0,12,25,0,25,37,37,12,12,0,37
디자인커뮤니케이션(주),0,20,20,20,40,0,20,0,20,60,40,0,0,20,40,100,0,0,0,0,0,0,20,0,80,0,0,0,0,100
(주)윤디자인그룹,0,22,33,11,33,11,0,0,44,44,44,22,22,0,11,11,33,55,0,0,11,11,11,55,11,0,11,22,11,55
(주)이씨오,10,55,25,5,5,30,20,35,5,10,60,15,0,5,20,20,55,25,0,0,20,50,15,10,5,5,15,0,30,50
(주)티쿤글로벌,33,50,16,0,0,66,11,16,5,0,66,16,5,5,5,16,33,44,5,0,27,44,0,11,16,27,11,16,11,33
델인터내셔널(주),5,44,33,11,5,22,33,11,16,16,72,16,5,0,5,22,33,33,11,0,33,33,11,16,5,66,11,0,16,5
아지앙스코리아(주),7,84,7,0,0,15,30,53,0,0,76,23,0,0,0,7,53,38,0,0,7,46,15,30,0,15,15,30,15,23
어드밴텍케이알(주),0,30,50,0,20,0,30,30,30,10,80,10,0,0,10,20,50,30,0,0,0,40,20,30,10,10,10,0,10,70
엔쓰리엔(주),0,50,12,25,12,37,25,0,0,37,75,12,0,0,12,25,50,25,0,0,25,37,12,12,12,25,0,12,25,37
필아이티(주),0,33,33,0,33,0,33,33,0,33,33,33,0,0,33,0,100,0,0,0,0,66,0,0,33,0,33,0,33,33
(주)에코시안,0,9,27,18,45,0,0,9,18,72,18,9,0,0,72,18,72,9,0,0,9,18,18,27,27,9,18,18,18,36
(주)인포바인,0,18,54,18,9,18,9,36,9,27,90,0,0,0,9,0,81,18,0,0,9,36,9,27,18,18,0,0,0,81
일렉트로닉아츠코리아(유),22,55,11,5,5,27,55,0,11,5,77,11,5,0,5,5,50,27,11,5,27,55,0,11,5,55,22,5,5,11
코너크리에이티브(주),0,5,0,11,82,0,5,0,5,88,23,41,17,11,5,17,70,11,0,0,0,5,5,35,52,0,5,0,5,88
(주)동훈아이텍,0,28,28,14,28,0,28,0,42,28,28,14,0,42,14,42,28,28,0,0,14,42,14,14,14,0,14,28,42,14
(주)대우루컴즈,0,42,28,28,0,14,14,14,42,14,71,0,28,0,0,14,28,57,0,0,14,28,14,28,14,0,14,14,14,57
(주)스마트스코어,0,52,15,15,15,31,10,10,15,31,78,10,0,5,5,10,68,21,0,0,10,36,10,5,36,5,15,5,0,73
(주)아이에스에프넷코리아,0,22,0,22,55,33,0,22,33,11,11,11,0,33,44,88,11,0,0,0,0,44,11,11,33,0,11,0,0,88
(주)지란지교소프트,0,25,50,25,0,0,25,50,12,12,25,25,25,12,12,0,62,37,0,0,12,50,25,12,0,0,12,25,50,12
메타빌드(주),14,50,21,7,7,21,28,7,21,21,64,21,14,0,0,42,50,7,0,0,7,57,14,21,0,7,0,7,28,57
브레이브이노베이션(주),0,0,0,0,100,0,0,0,0,100,0,0,0,100,0,0,100,0,0,0,0,0,0,100,0,0,0,0,0,100
오비고(주),20,60,20,0,0,0,20,40,40,0,40,20,20,20,0,20,0,80,0,0,60,40,0,0,0,20,40,20,20,0
(주)루키스,0,40,20,40,0,0,20,0,40,40,0,0,20,20,60,0,60,40,0,0,0,60,40,0,0,0,0,40,60,0
(주)삼보컴퓨터,0,72,18,9,0,0,27,54,18,0,54,18,0,0,27,36,45,9,0,9,9,27,9,18,36,0,9,9,18,63
(주)에이텍시스템,0,33,0,50,16,16,16,16,16,33,33,16,0,33,16,50,50,0,0,0,16,0,0,33,50,0,0,0,16,83
(주)카카오스타일,7,51,33,3,3,7,18,25,29,18,66,14,7,3,7,14,48,37,0,0,15,61,7,15,0,48,14,14,3,18
(주)트릿지,0,23,4,23,47,0,9,9,9,71,42,4,14,28,9,61,9,23,4,0,4,38,28,14,14,9,23,19,14,33
다하미커뮤니케이션즈(주),25,25,43,6,0,37,25,25,6,6,62,12,6,0,18,31,37,31,0,0,12,25,25,6,31,18,6,6,18,50
티쓰리엔터테인먼트(주),0,64,11,23,0,11,11,23,17,35,70,11,0,5,11,11,58,23,5,0,5,17,11,52,11,17,29,5,23,23
티아이스퀘어(주),0,25,0,62,12,0,0,25,0,75,37,25,12,25,0,0,62,37,0,0,0,50,25,12,12,0,12,0,12,75
현대 유엔아이(주),0,100,0,0,0,0,0,0,100,0,0,0,0,100,0,100,0,0,0,0,0,0,100,0,0,100,0,0,0,0
(주)씨아이솔루션,0,60,20,13,6,33,13,20,6,26,53,20,6,0,20,20,53,26,0,0,6,53,20,6,13,13,13,20,20,33
도시바삼성스토리지테크놀러지코리아(주),0,66,0,0,33,33,33,0,0,33,66,0,0,0,33,33,0,66,0,0,66,33,0,0,0,0,33,0,0,66
이노스닷컴(주),0,0,0,0,100,0,0,0,0,100,0,100,0,0,0,100,0,0,0,0,0,0,0,0,100,0,0,0,0,100
텔코웨어(주),15,46,23,15,0,46,7,7,15,23,61,15,7,15,0,30,46,23,0,0,7,15,23,38,15,0,0,0,15,84
프람트(주),0,25,50,0,25,0,25,0,50,25,50,25,25,0,0,25,50,25,0,0,0,25,0,25,50,0,0,0,25,75
(주)소셜뉴스,7,42,42,7,0,57,7,7,28,0,71,7,14,0,7,0,71,28,0,0,7,64,7,14,7,0,21,7,7,64
(주)제페토,50,50,0,0,0,100,0,0,0,0,100,0,0,0,0,0,50,50,0,0,0,100,0,0,0,50,50,0,0,0
(주)크몽,81,18,0,0,0,36,27,0,36,0,72,0,9,9,9,9,45,36,0,9,36,36,18,9,0,63,18,9,9,0
(주)티디아이,10,40,15,10,25,20,10,10,35,25,65,5,10,0,20,35,40,20,5,0,5,20,15,15,45,0,5,0,10,85
월급날(주),33,0,50,0,16,33,16,16,0,33,83,16,0,0,0,16,50,33,0,0,0,33,16,33,16,0,50,0,16,33
위두커뮤니케이션즈(주),0,0,50,50,0,0,0,16,33,50,50,16,0,33,0,33,66,0,0,0,0,16,33,33,16,0,16,0,16,66
위지언(주),0,14,14,14,57,0,14,14,0,71,14,14,28,14,28,71,28,0,0,0,0,28,28,0,42,0,0,0,28,71
(주)산하정보기술,6,56,18,12,6,18,18,31,12,18,56,25,6,6,6,25,25,50,0,0,12,43,12,25,6,12,0,0,50,37
(주)아이엠폼,5,41,35,11,5,5,11,23,29,29,88,5,0,5,0,11,70,17,0,0,5,23,23,11,35,0,0,0,11,88
(주)유니포인트,0,70,10,20,0,10,30,30,10,20,40,20,20,20,0,10,30,60,0,0,20,50,20,0,10,20,10,0,10,60
(주)유젠,22,55,22,0,0,66,0,22,11,0,66,22,11,0,0,11,44,44,0,0,22,44,11,22,0,22,0,11,11,55
(주)테라핀테크,25,50,12,12,0,0,50,12,37,0,75,0,25,0,0,0,50,50,0,0,12,87,0,0,0,12,12,25,25,25
(주)트윔,0,25,43,18,12,0,12,31,37,18,37,0,12,37,12,37,31,25,6,0,6,43,12,12,25,0,6,6,25,62
(주)티머니,53,33,0,0,13,60,6,26,0,6,73,26,0,0,0,13,46,33,6,0,26,33,13,26,0,6,46,13,13,20
유니챌(주),0,0,33,33,33,0,0,33,0,66,0,0,100,0,0,0,66,33,0,0,0,0,33,33,33,0,0,0,0,100
(주)에스에스알,6,60,20,13,0,26,33,6,20,13,80,13,6,0,0,6,26,66,0,0,6,46,33,13,0,6,13,6,13,60
(주)코스콤,0,80,0,20,0,30,20,20,30,0,70,20,10,0,0,10,30,60,0,0,10,50,20,10,10,10,20,0,40,30
선도소프트(주),16,25,25,25,8,8,16,25,33,16,66,16,0,0,16,8,75,16,0,0,16,41,25,8,8,25,25,0,25,25
아이젝스(주),0,0,40,20,40,0,0,0,40,60,20,40,20,0,20,20,40,40,0,0,0,0,20,20,60,0,0,20,0,80
인버스(주),0,75,0,12,12,12,37,0,25,25,62,0,12,0,25,25,62,12,0,0,12,50,0,0,37,0,12,12,0,75
코츠테크놀로지(주),0,11,11,66,11,11,0,0,33,55,33,0,33,33,0,0,22,77,0,0,0,44,11,11,33,0,0,0,22,77
(주)스마트인피니,0,14,28,42,14,14,0,28,14,42,42,14,14,14,14,57,42,0,0,0,0,14,14,57,14,14,14,0,0,71
(주)시티랩스,15,23,15,38,7,7,7,15,15,53,53,7,7,7,23,30,38,23,7,0,7,38,15,15,23,15,15,7,23,38
(주)재능이아카데미,22,55,22,0,0,33,55,11,0,0,100,0,0,0,0,11,44,44,0,0,11,44,22,11,11,11,0,11,0,77
대아티아이(주),0,5,29,52,11,17,0,5,11,64,29,29,23,5,11,41,41,11,5,0,5,29,17,5,41,0,5,5,17,70
번개장터(주),0,43,50,6,0,25,6,25,25,18,75,12,6,6,0,12,50,37,0,0,37,50,0,12,0,56,25,12,6,0
아이엠씨게임즈(주),16,33,33,16,0,33,25,25,8,8,66,16,16,0,0,0,50,50,0,0,25,66,0,8,0,0,33,0,16,50
퍼스트데이터코리아(유),0,0,0,0,100,0,0,0,50,50,0,0,0,0,100,100,0,0,0,0,0,0,50,0,50,0,0,0,50,50
(주)밸로프,0,45,18,27,9,18,18,9,18,36,54,9,9,18,9,27,18,54,0,0,9,63,18,0,9,9,36,9,27,18
노츠(주),0,50,16,16,16,16,33,16,16,16,83,0,16,0,0,50,50,0,0,0,16,16,33,16,16,16,0,0,16,66
아이퀘스트(주),14,14,42,14,14,14,14,14,0,57,85,0,14,0,0,28,28,42,0,0,0,28,28,0,42,0,14,14,14,57
알티베이스(주),16,50,16,16,0,33,33,0,0,33,33,33,0,16,16,0,33,50,16,0,50,50,0,0,0,0,33,0,16,50
이와이드플러스(주),0,14,7,14,64,7,7,7,0,78,14,7,14,7,57,71,28,0,0,0,0,7,14,14,64,0,0,0,0,100
지티원(주),0,18,36,36,9,0,9,9,63,18,36,9,18,36,0,36,18,45,0,0,9,36,27,9,18,18,0,0,18,63
(주)다산네트웍솔루션즈,0,13,26,26,33,6,6,26,20,40,26,20,13,33,6,26,53,20,0,0,0,40,20,20,20,0,33,13,26,26
(주)두잇시스템,6,60,20,6,6,13,20,26,33,6,26,13,6,26,26,13,26,60,0,0,0,53,0,13,33,0,6,0,53,40
(주)버킷플레이스,0,26,30,15,26,7,7,19,23,42,46,19,11,7,15,46,38,11,3,0,11,46,23,19,0,46,26,19,3,3
(주)산업마케팅,0,25,0,75,0,0,25,0,25,50,50,0,25,0,25,25,75,0,0,0,0,0,0,50,50,0,0,0,0,100
(주)액토즈소프트,0,50,25,12,12,25,37,12,0,25,62,0,0,25,12,37,25,37,0,0,0,37,37,25,0,25,0,0,12,62
(주)지오투정보기술,12,37,25,25,0,0,37,12,37,12,37,12,37,12,0,0,50,50,0,0,0,37,12,12,37,0,12,25,0,62
뤼이드(주),5,50,16,16,11,38,11,11,22,16,55,5,16,11,11,38,33,16,5,5,38,38,16,0,5,11,16,22,27,22
미디어포스원(주),0,100,0,0,0,0,50,50,0,0,50,50,0,0,0,0,50,50,0,0,0,0,50,50,0,0,50,0,0,50
한경닷컴(주) bnt뉴스,0,100,0,0,0,50,50,0,0,0,50,0,0,50,0,0,50,50,0,0,50,50,0,0,0,0,50,0,0,50
(주)데이타솔루션,12,50,12,0,25,12,25,0,37,25,75,0,12,0,12,25,62,12,0,0,25,37,12,25,0,12,0,0,50,37
(주)유니파이,16,22,22,27,11,11,5,16,27,38,88,0,0,5,5,27,44,27,0,0,16,27,16,11,27,5,16,11,11,55
(주)이노트리,0,31,25,18,25,12,18,6,25,37,43,12,12,18,12,25,62,12,0,0,6,56,0,18,18,0,6,18,18,56
(주)조아라,33,33,25,0,8,41,25,25,0,8,66,0,8,8,16,8,66,25,0,0,25,33,25,8,8,41,8,0,33,16
(주)퓨처젠,0,36,27,9,27,27,9,18,27,18,45,9,9,27,9,9,54,27,0,9,9,36,9,18,27,9,18,9,27,36
이노아이(주),0,80,0,0,20,20,40,0,20,20,80,0,0,20,0,20,40,40,0,0,0,40,20,20,20,20,20,0,0,60
(주)다우데이타,0,100,0,0,0,85,14,0,0,0,100,0,0,0,0,0,57,28,14,0,42,57,0,0,0,28,28,28,0,14
(주)라이프시맨틱스,0,41,41,8,8,16,25,8,25,25,58,16,8,8,8,33,41,25,0,0,25,33,0,16,25,8,25,16,0,50
유한책임회사앤서스랩코리아,0,27,18,27,27,0,9,18,36,36,45,27,0,0,27,36,36,27,0,0,18,9,9,27,36,36,18,18,18,9
(주)그린랩스,0,32,48,12,8,12,8,28,32,20,64,12,16,0,8,28,48,24,0,0,28,40,16,4,12,28,16,28,16,12
(주)에이취큐텍,14,71,0,0,14,28,14,0,28,28,42,0,28,14,14,42,42,14,0,0,14,28,14,42,0,0,0,0,0,100
(주)에이치나인,0,53,20,6,20,20,40,13,0,26,46,33,13,6,0,13,40,46,0,0,20,40,13,13,13,0,20,13,40,26
(주)크로니아이티,0,11,11,66,11,0,0,22,44,33,22,11,22,22,22,44,55,0,0,0,33,22,22,11,11,44,0,11,22,22
라이트브레인엠(주),0,0,50,0,50,0,0,0,50,50,0,50,50,0,0,0,100,0,0,0,0,0,0,50,50,0,0,0,50,50
유클릭(주),0,16,50,33,0,0,16,50,16,16,33,16,16,16,16,33,33,33,0,0,0,66,33,0,0,16,0,16,33,33
진두아이에스(주),0,75,25,0,0,0,37,0,62,0,12,37,37,12,0,37,50,12,0,0,25,25,50,0,0,12,25,0,12,50
포켓몬코리아(주),9,63,18,9,0,36,27,18,9,9,27,36,0,9,27,0,63,36,0,0,9,27,0,36,27,0,0,9,9,81
한국후지쯔(주),0,42,28,14,14,0,28,14,28,28,42,28,0,28,0,42,42,0,0,14,14,14,42,14,14,14,14,14,42,14
씨아이씨라이프(주),16,50,16,16,0,50,0,0,0,50,50,0,0,16,33,66,33,0,0,0,0,33,16,50,0,0,0,50,0,50
아이디에스앤트러스트(주),23,30,38,0,7,38,15,15,23,7,84,0,15,0,0,7,30,61,0,0,7,61,15,7,7,15,7,38,7,30
포씨소프트(주),0,0,50,0,50,0,0,0,0,100,0,0,0,50,50,100,0,0,0,0,0,0,0,0,100,0,0,50,0,50
(주)넥서스커뮤니티,9,45,27,18,0,9,27,18,36,9,27,9,9,36,18,9,36,54,0,0,18,36,18,18,9,0,18,9,54,18
교육지대(주),11,55,22,11,0,55,11,0,22,11,66,11,22,0,0,0,55,44,0,0,22,55,11,11,0,11,11,11,22,44
다쏘시스템코리아(주),8,25,33,33,0,16,16,16,16,33,58,16,8,8,8,33,41,16,8,0,16,41,0,25,16,16,33,16,0,33
대교씨엔에스(주),8,75,0,0,16,41,41,0,0,16,75,8,8,0,8,0,41,50,8,0,0,58,25,8,8,0,16,16,25,41
비즈웰(주),0,20,40,40,0,20,20,20,0,40,40,0,60,0,0,0,40,60,0,0,20,40,20,0,20,0,20,0,20,60
엘아이지시스템(주),0,42,42,14,0,14,14,14,28,28,28,28,0,28,14,28,57,14,0,0,0,42,28,14,14,0,0,0,14,85
오티아이(주),16,16,33,16,16,0,33,16,8,41,8,41,41,8,0,8,41,50,0,0,0,25,16,25,33,0,8,0,8,83
케이엘넷(주),16,50,16,16,0,25,33,8,16,16,66,16,16,0,0,8,41,50,0,0,16,33,8,16,25,8,16,8,8,58
포시에스(주),0,57,21,21,0,7,50,7,28,7,85,0,0,14,0,35,21,42,0,0,21,57,21,0,0,7,14,28,21,28
(주)엑스큐어넷,18,18,9,9,45,36,18,0,0,45,45,9,0,36,9,9,45,45,0,0,18,45,27,9,0,9,9,0,36,45
(주)케이사인,0,0,0,50,50,0,0,0,50,50,0,0,100,0,0,50,50,0,0,0,0,0,50,50,0,0,0,0,0,100
(주)필라웨어,12,37,12,37,0,12,37,12,25,12,50,25,12,12,0,50,25,25,0,0,0,37,25,25,12,0,25,25,25,25
(주)와이즈버즈,0,52,11,23,11,11,35,17,0,35,58,11,11,11,5,29,17,52,0,0,11,41,0,35,11,0,35,29,29,5
(주)이지미디어,0,41,33,16,8,0,33,16,33,16,58,25,0,8,8,33,50,16,0,0,0,33,16,25,25,0,0,8,16,75
스포츠투아이(주),0,40,60,0,0,0,40,0,40,20,40,20,20,0,20,0,40,20,20,20,40,40,0,0,20,0,60,0,40,0
아시아경제신문사(주),0,50,50,0,0,25,50,25,0,0,25,50,0,25,0,50,50,0,0,0,0,75,0,0,25,25,25,25,25,0
포인트모바일(주),7,21,7,64,0,21,14,14,21,28,50,21,14,0,14,23,38,38,0,0,21,28,21,21,7,0,14,7,28,50
(주)넥스지,12,62,25,0,0,25,37,12,0,25,87,0,0,12,0,25,25,37,12,0,12,25,50,12,0,12,0,12,0,75
(주)다날엔터테인먼트,0,100,0,0,0,100,0,0,0,0,100,0,0,0,0,50,0,50,0,0,0,0,50,0,50,0,0,0,0,100
디에스글로벌(주),8,33,33,8,16,25,16,16,25,16,50,25,16,8,0,8,75,16,0,0,9,54,18,9,9,0,8,0,8,83
아이티노매즈(주),0,38,7,30,23,0,23,15,30,30,30,23,0,30,15,7,46,46,0,0,15,30,7,15,30,15,0,0,30,53
이제너두(주),40,0,40,0,20,0,20,0,60,20,100,0,0,0,0,20,40,40,0,0,0,60,0,20,20,0,20,0,0,80
(주)데이타솔루션,0,20,40,40,0,0,40,0,20,40,100,0,0,0,0,40,40,20,0,0,0,40,20,20,20,0,0,0,40,60
(주)민앤지,0,27,36,18,18,36,0,0,18,45,54,27,0,0,18,27,54,18,0,0,9,18,27,36,9,0,18,18,18,45
(주)비스톤스,7,28,35,7,21,0,14,21,28,35,50,14,7,21,7,50,21,28,0,0,14,28,14,21,21,21,7,14,14,42
(주)소리자바,0,43,31,0,25,31,6,6,25,31,56,0,6,18,18,31,56,6,6,0,0,43,6,0,50,6,6,0,25,62
(주)에이시에스,0,54,9,9,27,0,18,18,18,45,36,18,9,18,18,27,36,36,0,0,0,54,9,9,27,9,18,0,18,54
(주)힙합퍼,12,25,37,12,12,25,25,12,12,25,87,0,12,0,0,25,62,12,0,0,0,37,12,50,0,0,0,12,12,75
네이버웹툰,8,40,12,24,16,28,16,16,8,32,60,8,4,16,12,32,48,20,0,0,24,56,8,4,8,68,16,0,12,4
삼미정보시스템(주),11,11,33,11,33,11,11,33,0,44,55,0,11,11,22,44,22,33,0,0,0,44,33,11,11,0,11,11,0,77
오지큐(주),0,61,23,7,7,23,7,38,23,7,92,0,7,0,0,7,61,30,0,0,15,46,7,15,15,7,7,23,23,38
이언커뮤니케이션즈(주),0,20,40,20,20,0,0,25,50,25,40,40,0,20,0,20,60,20,0,0,0,20,0,20,60,0,0,0,0,100
(주)날리지큐브,0,42,50,7,0,14,21,35,28,0,57,35,0,7,0,35,35,28,0,0,21,35,0,28,14,0,7,0,21,71
(주)디지털존,9,54,0,36,0,27,0,18,18,36,54,9,18,18,0,27,36,27,0,9,18,27,9,9,36,0,0,0,18,81
(주)딥브레인에이아이,6,33,6,26,26,20,6,20,6,46,33,26,13,6,20,13,60,26,0,0,6,46,20,6,20,0,20,0,0,80
(주)윤커뮤니케이션즈,0,20,40,20,20,0,40,0,40,20,60,20,0,0,20,20,40,40,0,0,0,40,40,20,0,0,20,0,20,60
(주)케이티이노에듀,0,100,0,0,0,0,100,0,0,0,0,0,100,0,0,0,0,0,100,0,0,100,0,0,0,0,0,0,0,100
아이크래프트(주),10,20,30,30,10,30,20,20,10,20,70,10,10,10,0,60,10,30,0,0,10,50,20,20,0,0,50,20,10,20
에스티에이테스팅컨설팅,16,50,0,33,0,33,33,0,16,16,50,33,0,0,16,33,50,16,0,0,16,33,33,0,16,0,33,0,16,50
오픈프레스(주),9,63,18,9,0,63,18,9,0,9,81,18,0,0,0,36,63,0,0,0,0,27,36,0,36,0,0,0,0,100
(주)디케이비엠시,0,50,33,8,8,33,8,0,33,25,66,16,0,16,0,58,16,16,8,0,0,33,16,8,41,16,8,8,33,33
(주)라이트브레인,55,11,11,11,11,22,11,11,22,33,55,22,0,11,11,0,55,44,0,0,0,22,22,55,0,0,0,33,33,33
(주)지란지교시큐리티,11,33,55,0,0,22,22,22,11,22,55,22,0,22,0,22,22,55,0,0,0,55,33,0,11,33,11,11,44,0
(주)케이티엠하우스,16,83,0,0,0,50,33,0,16,0,66,33,0,0,0,0,83,16,0,0,0,66,0,33,0,0,33,16,0,50
(주)타운컴퍼니,0,0,0,0,100,0,0,0,0,100,100,0,0,0,0,0,100,0,0,0,0,100,0,0,0,0,0,0,0,100
닷네임코리아(주),0,57,28,0,14,42,0,14,14,28,100,0,0,0,0,28,57,14,0,0,14,28,0,28,28,0,0,0,14,85
매드업(주),3,26,33,23,13,20,10,3,26,40,50,23,10,10,6,36,40,20,0,3,16,40,10,13,20,51,24,10,6,6
(주)아티언스,5,42,26,10,15,5,21,26,26,21,42,26,10,10,10,42,36,21,0,0,5,47,10,15,21,0,31,10,21,36
(주)와이지플러스,0,0,33,33,33,0,0,0,0,100,33,0,0,33,33,0,66,33,0,0,0,33,33,0,33,0,66,0,0,33
(주)차케어스,0,57,0,28,14,42,14,14,0,28,57,14,28,0,0,28,42,28,0,0,0,85,0,14,0,0,0,0,0,100
(주)퀄슨,0,63,27,9,0,36,0,36,27,0,63,9,9,18,0,18,63,18,0,0,9,54,9,0,27,18,36,18,18,9
더이앤엠(주),33,41,16,8,0,50,33,0,8,8,91,8,0,0,0,16,41,33,8,0,25,25,16,8,25,33,8,8,25,25
세틀뱅크(주),7,38,23,23,7,23,15,15,23,23,69,0,7,0,23,0,46,53,0,0,0,38,30,7,23,0,0,15,15,69
아이러시(주),0,50,50,0,0,0,50,0,50,0,75,0,0,25,0,0,50,50,0,0,0,50,0,25,25,0,0,25,25,50
이크레더블(주),0,55,33,11,0,11,11,11,55,11,44,22,22,0,11,11,55,33,0,0,11,55,0,33,0,0,44,0,44,11
폴리큐브(주),0,25,50,25,0,0,25,25,0,50,100,0,0,0,0,75,0,25,0,0,0,25,0,0,75,0,0,25,0,75
(주)더블유게임즈,0,80,20,0,0,60,0,20,20,0,100,0,0,0,0,20,40,40,0,0,20,40,0,20,20,20,20,0,0,60
(주)마상소프트,0,50,33,0,16,33,16,16,16,16,50,16,0,0,33,16,33,33,0,16,0,50,0,33,16,16,33,0,0,50
(주)베스파,0,37,31,12,18,12,12,18,18,37,56,12,6,12,12,25,43,31,0,0,6,43,25,12,12,18,12,6,43,18
(주)아이비즈소프트웨어,11,44,33,11,0,22,0,33,22,22,55,11,11,11,11,33,33,33,0,0,22,44,0,22,11,11,0,0,11,77
(주)엠씨에스텍,0,28,28,14,28,42,14,14,14,14,28,28,28,14,0,42,42,14,0,0,0,28,28,28,14,0,14,0,14,71
비디(주),33,33,0,33,0,33,0,0,33,33,33,33,0,33,0,33,33,33,0,0,0,66,0,0,33,33,0,0,0,66
아이티사이언스(주),8,41,8,16,25,25,16,8,16,33,58,8,0,8,25,25,33,33,8,0,25,33,0,25,16,8,8,0,0,83
이비즈네트웍스(주),0,50,25,25,0,50,0,0,0,50,50,0,25,0,25,0,75,25,0,0,0,25,25,0,50,0,0,0,25,75
(주)미리디,0,58,35,0,5,29,17,23,11,17,82,5,5,5,0,29,47,23,0,0,35,35,5,17,5,23,41,23,11,0
(주)이스트시큐리티,13,40,40,6,0,33,26,20,20,0,53,33,6,6,0,0,40,53,6,0,13,60,13,13,0,53,13,13,13,6
(주)집꾸미기,0,22,55,11,11,0,22,22,22,33,55,11,11,0,22,44,44,11,0,0,22,33,11,33,0,0,33,22,11,33
(주)휴로인터랙티브,8,50,16,25,0,33,16,8,16,25,50,16,0,25,8,8,58,33,0,0,8,33,16,33,8,8,25,0,16,50
넥슨지티(주),0,80,20,0,0,0,40,20,20,20,40,60,0,0,0,0,40,60,0,0,20,40,20,20,0,20,0,40,40,0
(주)도브투래빗,0,36,27,27,9,0,9,18,54,18,63,18,0,9,9,9,54,36,0,0,0,63,18,18,0,0,9,18,27,45
(주)리틀팍스,36,63,0,0,0,72,18,0,9,0,90,0,0,9,0,18,72,9,0,0,9,54,9,18,9,0,9,0,18,72
(주)메일플러그,0,52,31,15,0,5,26,21,15,31,63,15,10,0,10,15,52,26,5,0,10,42,10,26,10,0,0,10,36,52
(주)스마트로,9,27,54,9,0,41,8,25,8,16,50,41,8,0,0,0,41,58,0,0,0,50,8,25,16,8,16,0,33,41
(주)에프앤자산평가,18,54,27,0,0,27,36,27,0,9,100,0,0,0,0,9,36,54,0,0,9,63,0,18,9,27,0,18,45,9
(주)이지팜,0,42,42,14,0,28,14,0,42,14,71,0,14,14,0,0,42,57,0,0,0,42,14,28,14,0,0,14,14,71
디지털플러스시스템(주),0,100,0,0,0,33,0,66,0,0,100,0,0,0,0,0,100,0,0,0,0,0,33,66,0,0,0,0,33,66
비즈피어(주),25,25,25,25,0,25,25,25,25,0,0,0,0,75,25,0,50,25,0,25,0,75,0,25,0,25,0,0,25,50
빙글,0,66,33,0,0,33,33,0,33,0,66,33,0,0,0,66,33,0,0,0,0,66,0,33,0,33,66,0,0,0
솔트웨어(주),30,40,30,0,0,40,0,20,30,10,80,0,20,0,0,10,50,40,0,0,0,40,20,20,20,0,0,10,60,30
엔씨티,0,0,100,0,0,0,0,0,0,100,0,100,0,0,0,0,100,0,0,0,0,0,100,0,0,0,0,0,0,100
(주)백패커,0,39,50,7,3,21,21,14,32,10,71,7,3,3,14,7,50,42,0,0,14,71,7,0,7,28,32,3,28,7
(주)아카넷,0,66,33,0,0,0,16,16,66,0,33,33,16,16,0,0,16,83,0,0,0,50,0,16,33,0,33,0,16,50
(주)오픈놀,0,50,16,16,16,5,27,16,5,44,50,11,22,5,11,22,33,44,0,0,27,44,5,11,11,5,16,16,22,38
(주)원티드랩,0,61,28,4,4,23,23,33,9,9,80,4,4,9,0,23,33,42,0,0,14,47,19,14,4,9,42,23,9,14
(주)웹브라이트,0,50,50,0,0,0,0,25,0,75,75,0,0,25,0,25,25,50,0,0,0,25,0,50,25,0,0,25,25,50
(주)지앤지커머스,10,40,40,0,10,20,30,30,10,10,80,20,0,0,0,30,50,20,0,0,0,60,10,20,10,10,20,10,20,40
공간정보기술(주),0,45,36,0,18,0,36,9,9,45,45,0,18,9,27,0,63,36,0,0,0,18,18,45,18,9,0,18,18,54
디지털아이디어(주),0,20,60,20,0,20,20,0,40,20,40,20,20,20,0,0,60,40,0,0,0,60,40,0,0,0,0,0,0,100
버즈빌(주),0,54,13,27,4,4,31,22,13,27,54,31,9,0,4,22,54,22,0,0,36,36,13,13,0,27,22,9,36,4
지니프릭스(주),40,40,0,0,20,40,20,0,0,40,100,0,0,0,0,0,60,40,0,0,0,20,60,0,20,0,0,20,0,80
투이컨설팅(주),0,10,10,30,50,0,0,30,20,50,20,30,20,10,20,20,60,20,0,0,0,20,20,30,30,0,20,10,20,50
(주)비즈니스온커뮤니케이션,14,71,14,0,0,57,14,14,14,0,100,0,0,0,0,0,0,100,0,0,28,57,14,0,0,0,28,14,14,42
(주)하이브로,12,25,31,6,25,6,12,25,31,25,75,18,0,0,6,25,37,37,0,0,12,37,12,18,18,0,12,6,37,43
삼정데이타서비스(주),25,75,0,0,0,75,0,0,25,0,75,25,0,0,0,0,50,50,0,0,25,50,0,25,0,0,50,0,25,25
엘엔케이로직코리아(주),0,50,16,33,0,16,0,0,33,50,83,0,0,16,0,50,50,0,0,0,0,33,16,16,33,0,0,0,16,83
페이스북코리아(유),50,25,25,0,0,25,50,25,0,0,75,0,0,0,25,0,25,0,75,0,50,25,25,0,0,25,75,0,0,0
(주)데이타메이션,0,25,25,25,25,0,12,0,37,50,25,0,25,37,12,12,62,25,0,0,12,50,12,0,25,0,0,25,12,62
(주)미라지웍스,0,33,66,0,0,0,66,33,0,0,100,0,0,0,0,33,33,33,0,0,33,33,0,33,0,0,0,0,33,66
(주)버텍스아이디,0,57,14,14,14,28,14,28,0,28,57,14,0,14,14,28,71,0,0,0,0,14,14,42,28,0,14,28,28,28
(주)와이어트,0,55,33,11,0,37,25,18,14,3,81,7,7,3,0,14,33,48,3,0,7,62,11,11,7,37,11,11,18,22
(주)하만인터내셔널코리아,0,66,0,33,0,33,33,0,0,33,66,0,0,0,33,0,66,0,0,33,33,66,0,0,0,0,33,0,0,66
엘비씨소프트(주),0,0,100,0,0,0,50,0,0,50,50,0,0,50,0,0,50,50,0,0,0,0,50,50,0,0,0,0,50,50
키즈룹(주),11,66,11,0,11,44,22,11,11,11,88,11,0,0,0,0,33,55,11,0,44,22,11,0,22,44,22,0,33,0
(주)미디어포스앤컴퍼니,0,71,14,14,0,42,0,28,0,28,57,0,14,14,14,28,57,14,0,0,0,14,42,14,28,0,0,0,0,100
(주)시큐어원,10,40,10,10,30,30,20,20,0,30,40,30,10,10,10,40,50,10,0,0,0,40,20,20,20,20,0,10,20,50
(주)지텍에스,16,50,16,16,0,16,0,0,83,0,66,16,16,0,0,16,83,0,0,0,16,16,33,33,0,0,0,0,0,100
(주)프레임아웃,0,44,22,22,11,10,30,20,10,30,90,10,0,0,0,10,70,20,0,0,0,50,20,30,0,0,0,10,20,70
엔미디어플랫폼(주),0,66,33,0,0,0,16,66,0,16,100,0,0,0,0,0,50,50,0,0,0,16,50,33,0,16,16,16,50,0
웹솔루스(주),0,0,0,100,0,0,0,100,0,0,0,0,100,0,0,0,0,0,100,0,0,0,0,100,0,0,0,0,100,0
퓨전데이타(주),20,20,0,60,0,20,0,20,40,20,60,0,0,20,20,40,60,0,0,0,0,0,0,40,60,0,0,20,0,80
(주)갈라랩,0,20,60,20,0,0,0,60,0,40,80,20,0,0,0,0,60,40,0,0,0,20,40,40,0,0,0,0,0,100
(주)동아닷컴,0,83,16,0,0,50,50,0,0,0,33,16,0,16,33,33,33,33,0,0,16,50,16,16,0,0,33,16,0,50
(주)디아이티,0,42,57,0,0,28,57,14,0,0,71,28,0,0,0,14,14,71,0,0,28,42,14,0,14,28,28,14,14,14
(주)모빌씨앤씨,0,37,25,25,12,25,0,0,25,50,50,12,25,12,0,12,62,25,0,0,0,0,37,0,62,12,0,0,25,62
(주)스마일게이트메가포트,0,100,0,0,0,0,33,50,16,0,50,50,0,0,0,16,33,50,0,0,16,16,33,33,0,33,50,0,0,16
(주)에스피씨네트웍스,14,42,14,28,0,0,42,14,0,42,71,14,0,0,14,14,14,71,0,0,14,42,42,0,0,0,14,28,42,14
(주)유알피시스템,6,20,40,13,20,6,26,13,13,40,40,33,0,20,6,13,60,20,6,0,6,26,20,26,20,0,0,6,0,93
(주)플레이위드,25,50,25,0,0,0,50,0,25,25,50,50,0,0,0,25,50,25,0,0,0,25,0,50,25,0,25,0,0,75
에듀스파(주),0,50,0,50,0,0,50,0,0,50,0,0,100,0,0,0,50,50,0,0,0,50,0,0,50,0,0,0,0,100
이엠디넷,0,83,16,0,0,66,16,16,0,0,100,0,0,0,0,16,16,66,0,0,16,66,0,0,16,50,0,0,16,33
지엠솔루션(주),0,42,14,42,0,14,28,0,14,42,57,28,0,14,0,57,14,28,0,0,0,14,14,28,42,0,0,0,28,71
(주)네오리진,28,28,14,0,28,28,28,14,0,28,14,57,0,0,28,0,42,57,0,0,28,28,0,28,14,14,14,0,42,28
(주)에프앤가이드,0,62,37,0,0,37,37,12,6,6,81,12,0,6,0,6,31,62,0,0,12,25,31,31,0,25,12,12,25,25
(주)톨레미시스템,40,20,20,20,0,0,20,20,20,40,20,40,20,0,20,20,20,40,0,20,0,40,20,20,20,0,20,0,0,80
(주)필라넷,0,38,22,27,11,16,11,11,22,38,33,16,5,16,27,22,55,22,0,0,5,33,22,22,16,11,5,44,5,33
심네트(주),20,40,20,20,0,40,0,20,40,0,80,0,20,0,0,0,40,60,0,0,0,40,20,40,0,0,0,0,20,80
위쉬정보기술(주),23,30,15,23,7,30,15,15,15,23,53,0,7,15,23,53,30,7,0,7,7,30,23,23,15,0,15,7,23,53
유넷시스템(주),33,33,33,0,0,66,0,33,0,0,33,33,33,0,0,0,0,100,0,0,66,33,0,0,0,33,33,33,0,0
코스코이(주),0,0,33,33,33,0,0,0,33,66,66,0,0,0,33,33,66,0,0,0,0,0,33,0,66,0,0,0,0,100
(주)에이블리코퍼레이션,4,19,19,47,9,9,14,19,19,38,80,14,0,0,4,19,57,23,0,0,14,38,23,9,14,14,19,19,19,28
(주)오더,0,66,33,0,0,0,0,66,33,0,66,0,33,0,0,33,66,0,0,0,0,33,66,0,0,0,0,0,0,100
(주)웨이버스,0,57,28,14,0,0,28,28,28,14,57,42,0,0,0,0,42,57,0,0,0,57,14,14,14,0,0,0,14,85
레디코리아(주),0,100,0,0,0,25,25,50,0,0,75,0,25,0,0,0,75,25,0,0,25,50,0,0,25,0,25,0,0,75
열린기술(주),0,50,40,0,10,10,30,30,10,20,70,10,20,0,0,40,30,30,0,0,0,50,20,20,10,0,0,10,20,70
(주)노크노크,0,33,16,16,33,16,16,0,16,50,33,50,0,0,16,50,50,0,0,0,16,0,16,50,16,0,0,16,16,66
(주)뉴스토마토,25,25,25,25,0,0,25,25,50,0,25,50,25,0,0,25,75,0,0,0,0,50,25,25,0,25,25,0,25,25
(주)버즈니,0,87,0,12,0,50,25,0,12,12,87,0,0,0,12,25,62,12,0,0,62,37,0,0,0,37,37,12,12,0
(주)스코넥엔터테인먼트,6,56,25,0,12,31,25,12,12,18,56,18,12,0,12,18,50,18,12,0,6,50,12,25,6,0,6,6,6,81
(주)아이센트,0,71,0,14,14,14,14,14,28,28,28,14,14,28,14,0,71,28,0,0,28,42,14,14,0,28,0,28,28,14
(주)이노피아테크,0,14,57,14,14,14,0,14,57,14,42,14,28,14,0,28,42,28,0,0,14,42,14,28,0,0,14,14,42,28
디지털프로그(주),0,33,0,66,0,0,0,0,66,33,0,66,33,0,0,0,100,0,0,0,0,66,0,0,33,0,0,0,66,33
락플레이스(주),27,63,9,0,0,9,63,18,9,0,27,45,18,0,9,18,54,27,0,0,9,54,18,18,0,0,45,0,36,18
서울스탠다드(주),0,42,42,14,0,14,0,28,42,14,71,0,14,0,14,42,28,14,14,0,0,14,28,14,42,0,0,0,0,100
위사(주),20,60,0,20,0,20,20,20,20,20,100,0,0,0,0,20,40,40,0,0,0,40,20,20,20,20,0,40,20,20
(주)게임덱스,0,37,31,18,12,37,6,6,6,43,62,0,12,0,25,12,62,18,6,0,0,25,18,12,43,25,25,12,12,25
(주)비주얼,0,33,22,33,11,12,12,12,37,25,44,11,11,0,33,33,22,44,0,0,22,33,22,11,11,0,33,11,22,33
(주)쓰리디팩토리,25,50,25,0,0,37,12,0,37,12,37,12,0,50,0,0,37,37,25,0,25,50,12,0,12,25,25,0,12,37
(주)아톤,18,36,27,9,9,45,18,0,9,27,63,9,9,9,9,27,45,27,0,0,0,54,18,18,9,0,0,27,9,63
넷마블네오(주),0,33,16,25,25,16,25,0,16,41,41,33,16,8,0,0,75,16,8,0,0,50,33,8,8,16,25,33,16,8
대한에프에이시스템(주),0,66,22,11,0,66,0,22,11,0,55,0,11,22,11,44,33,22,0,0,11,22,11,11,44,0,11,0,0,88
동원씨앤에스(주),0,0,80,20,0,60,20,0,0,20,0,0,20,0,80,100,0,0,0,0,0,60,20,20,0,0,0,0,20,80
두루이디에스(주),14,85,0,0,0,66,0,33,0,0,85,14,0,0,0,0,71,28,0,0,0,28,0,28,42,0,14,0,14,71
디에이인포메이션(주),9,45,36,9,0,27,27,27,9,9,54,27,9,9,0,36,27,36,0,0,9,54,0,18,18,20,0,20,30,30
라이엇게임즈코리아,0,60,40,0,0,30,0,30,40,0,30,10,40,20,0,10,40,20,10,20,30,50,0,20,0,50,40,0,0,10
미디어웹(주),0,50,50,0,0,50,0,0,50,0,66,16,16,0,0,16,66,16,0,0,0,66,16,16,0,16,33,0,16,33
씨이랩(주),0,66,33,0,0,33,16,16,33,0,83,16,0,0,0,16,50,33,0,0,0,66,16,0,16,0,16,0,16,66
티비스톰(주),0,83,16,0,0,66,33,0,0,0,100,0,0,0,0,16,50,33,0,0,33,50,0,16,0,0,16,0,33,50
(주)싸이웍스,0,42,42,14,0,0,0,14,14,71,57,14,0,14,14,28,71,0,0,0,0,28,0,14,57,14,0,0,14,71
(주)한국네트웍스,0,12,37,25,25,25,12,0,12,50,37,37,0,12,12,50,25,25,0,0,12,37,12,12,25,0,12,37,12,37
(주)휴먼웍스,0,33,33,0,33,16,0,0,50,33,100,0,0,0,0,33,66,0,0,0,0,66,16,0,16,0,33,33,33,0
디젠(주),0,25,25,25,25,0,0,0,50,50,50,25,25,0,0,100,0,0,0,0,0,0,50,25,25,0,0,0,25,75
스탠다드네트웍스(주),0,50,30,20,0,20,10,10,30,30,70,10,20,0,0,20,70,10,0,0,0,0,50,40,10,10,0,0,30,60
시도우(주),0,0,0,100,0,0,0,0,0,100,0,0,100,0,0,0,100,0,0,0,0,0,100,0,0,0,100,0,0,0
한경닷컴(주),0,100,0,0,0,71,28,0,0,0,85,0,0,14,0,14,57,28,0,0,14,42,28,14,0,14,0,28,42,14
한국통합민원센터(주),7,38,23,15,15,46,0,15,15,23,69,0,15,0,15,53,38,7,0,0,15,38,23,7,15,0,23,7,7,61
(주)게임베리,16,83,0,0,0,33,33,16,16,0,100,0,0,0,0,16,33,33,16,0,33,33,16,16,0,16,33,50,0,0
(주)라티스글로벌커뮤니케이션스,7,61,23,7,0,30,30,0,38,0,84,0,0,15,0,15,46,38,0,0,0,46,38,0,15,23,23,15,7,30
메디컬아이피(주),0,45,25,16,12,16,20,8,20,33,58,16,8,12,4,45,50,4,0,0,4,41,8,25,20,0,16,12,4,66
써티웨어(주),0,30,40,20,10,10,30,20,20,20,80,10,10,0,0,10,70,20,0,0,10,10,0,50,30,0,10,20,20,50
이패스코리아(주),0,75,25,0,0,50,0,0,25,25,50,0,0,25,25,0,75,25,0,0,0,75,0,0,25,0,0,0,0,100
퀸텟시스템즈(주),0,38,38,15,7,23,23,23,7,23,69,23,0,7,0,23,30,46,0,0,0,61,15,7,15,7,0,0,30,61
텔레웍스(주),0,71,28,0,0,0,42,14,14,28,42,14,28,14,0,28,57,14,0,0,0,57,0,14,28,0,0,14,0,85
퓨즈와이어(주),0,50,0,50,0,0,0,50,50,0,100,0,0,0,0,100,0,0,0,0,0,100,0,0,0,0,0,0,0,100
(주)모젯,0,0,33,50,16,0,16,0,50,33,50,0,16,0,33,33,33,33,0,0,16,0,33,33,16,0,50,0,33,16
(주)액션스퀘어,0,100,0,0,0,0,33,0,66,0,66,0,33,0,0,0,33,66,0,0,33,66,0,0,0,0,100,0,0,0
(주)에넥스텔레콤,0,37,25,37,0,12,25,0,25,37,75,25,0,0,0,50,50,0,0,0,0,12,25,37,25,0,0,0,0,100
(주)인터메이저,0,66,33,0,0,33,0,0,33,33,66,33,0,0,0,66,0,33,0,0,33,33,0,0,33,33,0,33,0,33
노아에이티에스(주),0,14,28,28,28,0,0,14,28,57,0,0,28,57,14,42,28,28,0,0,0,14,0,28,57,0,0,0,0,100
에스프리즘(주),0,0,100,0,0,0,0,100,0,0,0,100,0,0,0,100,0,0,0,0,0,0,0,100,0,0,0,0,0,100
포디리플레이코리아(주),3,37,21,15,21,25,15,25,15,18,43,9,12,3,31,31,34,28,6,0,6,40,3,21,28,3,28,6,18,43
한국전자인증(주),14,57,28,0,0,28,28,28,0,14,57,42,0,0,0,0,14,71,14,0,28,14,28,14,14,0,28,14,28,28
(주)뉴링크,0,25,25,0,50,0,0,0,25,75,0,25,0,0,75,50,50,0,0,0,0,25,50,0,25,0,0,50,0,50
(주)북팔,20,60,0,20,0,40,20,20,0,20,80,0,0,0,20,40,20,20,20,0,0,60,0,40,0,0,20,0,20,60
(주)비즈니스인사이트,0,9,36,36,18,0,9,9,18,63,9,27,18,27,18,45,27,18,0,9,0,18,18,18,45,0,0,0,9,90
(주)세정아이앤씨,20,80,0,0,0,20,40,20,20,0,60,40,0,0,0,20,80,0,0,0,20,80,0,0,0,0,40,20,0,40
(주)솔트케이크,0,0,0,33,66,0,0,0,0,100,0,0,33,33,33,100,0,0,0,0,0,0,0,66,33,0,0,0,0,100
(주)아비드이앤에프,10,26,36,21,5,15,21,5,5,52,63,10,0,15,10,63,31,5,0,0,15,15,15,10,42,22,16,0,5,55
(주)알에스엔,0,50,37,12,0,62,0,25,0,12,87,0,0,12,0,12,25,62,0,0,0,50,25,12,12,37,12,0,25,25
메디오피아테크(주),0,33,33,16,16,16,16,16,16,33,33,33,16,0,16,33,50,16,0,0,0,16,16,50,16,16,16,0,16,50
케이아이에스정보통신(주),7,61,23,7,0,15,30,38,7,7,53,15,23,0,7,7,46,46,0,0,7,30,15,23,23,30,7,15,7,38
티에이케이정보시스템(주),0,14,28,57,0,0,14,14,42,28,28,28,28,14,0,42,42,14,0,0,14,14,28,28,14,14,42,0,28,14
(주)사이넷,0,0,33,33,33,33,0,0,0,66,0,33,33,0,33,66,33,0,0,0,0,66,0,0,33,0,33,0,33,33
(주)웨딩북,8,50,25,16,0,16,33,8,33,8,50,16,16,8,8,33,41,25,0,0,25,33,8,16,16,25,16,33,25,0
(주)칸투칸,0,66,16,16,0,0,16,33,33,16,50,0,16,16,16,16,83,0,0,0,16,16,33,33,0,0,33,33,33,0
(주)한국미디어네트워크,0,0,100,0,0,100,0,0,0,0,100,0,0,0,0,0,0,0,100,0,0,100,0,0,0,100,0,0,0,0
두올테크(주),0,20,40,20,20,20,0,20,20,40,80,0,0,20,0,0,80,20,0,0,0,40,20,20,20,0,0,40,0,60
엠아이큐브솔루션(주),0,66,25,0,8,25,50,8,8,8,66,16,8,0,8,8,75,16,0,0,0,66,8,16,8,16,0,8,41,33
인포젠(주),0,50,33,16,0,16,16,33,16,16,66,0,16,16,0,33,50,16,0,0,0,33,33,16,16,0,33,0,33,33
(주)매스코,0,28,28,28,14,14,14,0,14,57,57,14,0,28,0,42,42,14,0,0,0,14,14,42,28,0,0,0,14,85
(주)에스큐브아이,12,0,25,50,12,12,0,0,37,50,25,12,25,37,0,0,75,25,0,0,25,50,12,0,12,37,12,12,25,12
(주)오픈오브젝트,12,62,12,12,0,25,25,12,25,12,62,37,0,0,0,12,37,50,0,0,25,37,0,12,25,0,0,12,37,50
(주)유니콤넷,0,0,100,0,0,0,20,20,60,0,60,0,40,0,0,80,20,0,0,0,0,0,20,40,40,0,0,0,0,100
(주)크레비스파트너스,10,20,40,30,0,10,10,10,60,10,80,0,0,10,10,30,60,10,0,0,20,50,20,0,10,60,10,10,10,10
(주)퓨전소프트,0,62,37,0,0,12,25,62,0,0,50,37,12,0,0,25,62,12,0,0,0,37,25,25,12,0,12,25,25,37
(주)하우리,20,60,20,0,0,0,20,40,20,20,100,0,0,0,0,0,80,20,0,0,0,20,40,20,20,0,0,0,20,80
(주)환경과학기술,0,33,66,0,0,0,50,16,33,0,33,33,33,0,0,0,66,33,0,0,0,83,0,16,0,0,0,16,16,66
리눅스데이타시스템(주),40,40,20,0,0,80,0,0,20,0,60,20,0,0,20,40,0,60,0,0,40,40,0,0,20,40,0,20,0,40
비젠트로(주),20,40,40,0,0,40,0,20,40,0,80,0,20,0,0,20,80,0,0,0,40,0,20,20,20,20,0,0,40,40
앤시정보기술(주),20,20,20,40,0,40,20,0,20,20,60,0,40,0,0,40,20,40,0,0,0,20,0,40,40,20,0,0,0,80
오픈잇(주),0,28,28,28,14,14,14,28,14,28,85,0,0,14,0,0,100,0,0,0,0,28,0,14,57,14,14,0,0,71
인터랙티비(주),0,50,50,0,0,0,25,25,50,0,50,0,25,25,0,0,75,25,0,0,0,75,25,0,0,0,25,25,25,25
(주)넷크루즈,0,16,33,50,0,0,0,16,66,16,50,33,16,0,0,16,83,0,0,0,0,33,66,0,0,0,0,0,50,50
(주)미소정보기술,4,36,45,9,4,30,17,17,8,26,52,4,30,0,13,17,47,34,0,0,13,26,21,13,26,0,8,4,8,78
(주)스마일게이트알피지,0,11,22,33,33,0,0,11,33,55,11,33,44,0,11,11,11,77,0,0,11,44,22,11,11,22,55,22,0,0
(주)아이엠아이,0,100,0,0,0,0,100,0,0,0,0,100,0,0,0,100,0,0,0,0,0,0,0,100,0,0,0,0,0,100
(주)웨인테크놀로지,0,22,77,0,0,0,33,22,33,11,44,33,22,0,0,44,55,0,0,0,0,11,33,33,22,0,11,0,33,55
(주)이노시뮬레이션,10,50,30,10,0,20,10,40,20,10,80,0,10,10,0,20,30,50,0,0,0,60,20,20,0,0,20,0,0,80
(주)이츠엠,0,29,41,23,5,11,23,11,17,35,41,17,11,17,11,58,29,11,0,0,0,17,29,23,29,5,11,17,0,64
(주)취업뽀개기,0,75,25,0,0,25,0,50,0,25,50,25,25,0,0,25,25,50,0,0,0,25,0,50,25,0,25,0,25,50
(주)티사이언티픽,0,75,25,0,0,50,25,0,25,0,50,0,50,0,0,0,75,25,0,0,25,50,25,0,0,0,25,0,0,75
(주)파티게임즈,0,87,0,0,12,75,0,0,12,12,75,12,0,12,0,12,50,37,0,0,37,37,12,0,12,25,12,12,12,37
구 카카오(주) ,0,100,0,0,0,0,0,0,100,0,0,0,0,0,100,0,0,0,100,0,0,0,100,0,0,0,0,100,0,0
나이스정보통신(주),0,80,20,0,0,40,0,60,0,0,80,0,20,0,0,0,20,80,0,0,20,60,0,20,0,0,40,0,20,40
부뜰정보시스템(주),0,33,16,33,16,0,33,16,33,16,16,16,33,16,16,33,16,50,0,0,16,50,16,0,16,0,16,16,16,50
식신(주),33,33,0,33,0,0,0,66,0,33,100,0,0,0,0,0,66,33,0,0,0,33,33,33,0,0,0,0,66,33
올엠(주),0,42,42,0,14,14,14,0,57,14,42,14,28,14,0,0,57,42,0,0,14,28,28,28,0,14,14,14,14,42
올포랜드(주),0,41,33,16,8,0,16,25,33,25,58,16,25,0,0,8,33,58,0,0,16,25,33,0,25,0,16,16,8,58
피앤피시큐어(주),0,56,37,6,0,18,31,25,18,6,62,18,6,6,6,12,31,56,0,0,0,68,12,0,18,31,12,0,18,37
헤이코리안(주),0,0,0,0,100,0,0,0,0,100,0,0,0,0,100,100,0,0,0,0,0,0,0,50,50,0,0,0,100,0
(주)아토스,0,50,50,0,0,0,25,25,25,25,50,25,0,25,0,25,75,0,0,0,0,25,25,0,50,0,0,0,25,75
(주)쿡앱스,33,44,22,0,0,11,11,66,0,11,66,0,22,0,11,11,33,44,11,0,0,33,55,0,11,11,11,22,11,44
애버커스(주),0,100,0,0,0,0,0,0,100,0,0,0,0,0,100,0,50,50,0,0,0,50,50,0,0,0,0,0,0,100
잘레시아(주),14,28,42,14,0,42,0,14,42,0,71,28,0,0,0,14,57,28,0,0,0,71,0,14,14,14,14,28,14,28
한국무역정보통신(주),0,66,16,0,16,50,16,33,0,0,66,16,16,0,0,0,50,50,0,0,0,66,16,0,16,0,16,33,0,50
(주)디지캡,25,50,0,25,0,0,75,0,0,25,75,25,0,0,0,0,75,25,0,0,0,75,0,25,0,0,0,0,25,75
(주)미니게이트,0,71,14,0,14,42,0,28,14,14,28,28,14,0,28,42,28,28,0,0,14,0,28,0,57,0,0,14,0,85
(주)비젠소프트,0,20,10,40,30,10,10,0,10,70,40,0,10,20,30,60,30,10,0,0,0,20,30,10,40,0,10,0,10,80
(주)소프톤엔터테인먼트 ,0,100,0,0,0,50,0,50,0,0,100,0,0,0,0,0,0,100,0,0,100,0,0,0,0,50,0,0,0,50
(주)소프트센,0,66,33,0,0,33,50,16,0,0,83,0,16,0,0,0,66,33,0,0,0,66,16,16,0,16,0,0,33,50
(주)에이스프로젝트,0,0,0,100,0,0,0,0,100,0,0,100,0,0,0,0,100,0,0,0,0,0,100,0,0,0,0,100,0,0
(주)엔씨아이티에스,0,25,12,0,62,50,12,25,12,0,37,12,12,12,25,37,25,37,0,0,0,12,12,37,37,25,12,0,25,37
(주)오픈소스컨설팅,12,37,25,25,0,37,0,37,12,12,50,25,0,12,12,0,62,25,0,12,37,25,12,12,12,25,37,0,25,12
기웅정보통신(주),0,40,40,20,0,20,20,40,0,20,40,40,0,20,0,0,0,100,0,0,0,60,20,20,0,20,20,0,40,20
마이뮤직테이스트,16,50,33,0,0,33,16,0,33,16,66,16,0,0,16,0,50,33,0,16,16,50,16,0,16,50,50,0,0,0
모바일나인(주),25,75,0,0,0,100,0,0,0,0,100,0,0,0,0,25,0,75,0,0,25,50,0,25,0,50,0,0,25,25
아임에버(주),0,66,0,0,33,66,33,0,0,0,33,33,0,0,33,0,33,66,0,0,0,66,33,0,0,0,0,0,0,100
에스에이피랩스코리아(주),0,100,0,0,0,66,33,0,0,0,55,22,11,0,11,0,33,66,0,0,44,22,33,0,0,77,0,11,0,11
엑스큐어(주),28,42,28,0,0,28,28,0,14,28,85,0,14,0,0,14,71,14,0,0,0,28,57,14,0,0,0,0,14,85
캔즈플렉스(주),50,0,0,0,50,0,50,0,0,50,50,50,0,0,0,50,50,0,0,0,0,50,0,50,0,0,0,0,50,50
한영시스텍(주),0,0,0,0,100,0,0,25,75,0,0,0,0,25,75,25,75,0,0,0,0,0,0,0,100,0,0,0,0,100
(주)네오플러스,0,100,0,0,0,50,50,0,0,0,100,0,0,0,0,0,50,50,0,0,50,0,50,0,0,0,0,0,50,50
(주)도움이티에스,20,60,20,0,0,40,40,0,0,20,80,20,0,0,0,0,60,0,20,20,0,80,0,20,0,40,20,0,0,40
(주)디시인사이드,14,57,28,0,0,28,42,14,14,0,71,14,14,0,0,28,57,14,0,0,14,28,28,14,14,14,14,14,28,28
(주)비아이씨엔에스,22,22,22,11,22,11,11,11,33,33,44,11,0,22,22,22,11,55,11,0,0,33,33,11,22,0,0,12,25,62
(주)소프트넷,0,30,38,7,23,0,7,23,46,23,46,7,7,7,30,38,30,30,0,0,7,15,7,23,46,7,0,15,0,76
(주)수산아이앤티,0,80,20,0,0,40,20,20,20,0,60,40,0,0,0,20,60,20,0,0,0,60,20,0,20,20,0,0,20,60
(주)에스비에스에이앤티,0,25,33,8,33,33,0,25,0,41,16,0,25,25,33,33,25,33,0,8,0,25,25,16,33,0,16,0,25,58
(주)엠투소프트,0,50,25,25,0,0,0,25,50,25,50,25,25,0,0,25,25,50,0,0,25,50,0,0,25,0,0,0,25,75
(주)지노시스템,0,50,0,0,50,0,0,50,0,50,50,0,0,50,0,50,50,0,0,0,50,0,0,50,0,0,0,0,50,50
(주)포잉,33,66,0,0,0,100,0,0,0,0,100,0,0,0,0,0,33,66,0,0,33,33,33,0,0,66,33,0,0,0
(주)헬스허브,9,54,27,0,9,54,0,9,18,18,45,9,18,18,9,18,81,0,0,0,9,36,0,18,36,0,9,0,18,72
대상정보기술(주),28,57,14,0,0,14,28,28,0,28,42,14,14,0,28,28,28,42,0,0,14,42,28,14,0,28,14,14,42,0
비티비솔루션(주),33,66,0,0,0,0,66,33,0,0,33,33,0,33,0,0,0,100,0,0,0,66,0,0,33,0,0,0,33,66
키네마스터(주),28,42,14,0,14,71,0,0,14,14,85,0,0,0,14,42,14,42,0,0,42,42,14,0,0,28,14,28,28,0
한국정보인증(주),0,0,66,33,0,0,33,0,33,33,66,0,0,33,0,0,100,0,0,0,0,33,33,0,33,0,0,0,0,100
(주)룽투코리아,0,50,25,25,0,50,0,0,25,25,100,0,0,0,0,50,50,0,0,0,0,50,25,25,0,0,0,0,0,100
(주)바이오닉스진,0,100,0,0,0,50,0,50,0,0,50,0,0,0,50,0,100,0,0,0,0,50,50,0,0,50,0,50,0,0
(주)비욘드엠,0,100,0,0,0,100,0,0,0,0,100,0,0,0,0,0,100,0,0,0,100,0,0,0,0,0,0,0,0,100
(주)셀러허브,6,68,18,0,6,37,31,12,12,6,87,6,0,6,0,6,50,43,0,0,43,31,6,12,6,6,18,12,6,56
(주)엔씨엘,0,100,0,0,0,100,0,0,0,0,100,0,0,0,0,0,25,75,0,0,0,100,0,0,0,0,0,0,25,75
(주)오케이토마토,11,33,33,0,22,0,11,22,11,55,66,0,11,0,22,33,55,11,0,0,0,11,0,66,22,0,0,11,0,88
(주)이씨에스텔레콤,0,30,38,23,7,0,15,0,76,7,7,15,7,53,15,7,69,23,0,0,0,61,23,7,7,15,30,15,30,7
(주)이지원인터넷서비스,0,100,0,0,0,100,0,0,0,0,75,0,0,25,0,50,50,0,0,0,0,50,0,0,50,50,0,0,25,25
(주)주인정보시스템,16,66,0,0,16,33,33,0,0,33,83,0,0,16,0,16,66,16,0,0,0,33,16,16,33,0,0,0,16,83
(주)휴노,20,70,0,10,0,30,20,10,10,30,30,30,10,10,20,10,50,40,0,0,30,50,10,10,0,10,30,0,20,40
넥스챌(주),0,0,0,100,0,0,0,0,0,100,0,0,0,100,0,100,0,0,0,0,0,0,0,0,100,0,0,0,0,100
메뉴판닷컴(주),0,0,100,0,0,0,50,0,50,0,50,0,50,0,0,0,50,50,0,0,0,50,0,0,50,0,0,0,0,100
아이시프트(주),0,50,25,25,0,0,50,0,25,25,25,50,25,0,0,0,25,75,0,0,0,25,25,25,25,0,0,0,0,100
(주)네모난오렌지,0,25,37,31,6,12,12,6,25,43,62,31,6,0,0,37,43,18,0,0,6,31,25,6,31,0,12,0,6,81
(주)리얼야구존,20,40,40,0,0,60,20,20,0,0,60,0,0,0,40,20,60,20,0,0,40,40,0,20,0,20,20,0,0,60
(주)사이냅소프트,20,60,0,20,0,20,20,20,40,0,100,0,0,0,0,0,60,40,0,0,0,60,20,20,0,20,40,20,20,0
(주)스톰미디어,0,14,42,42,0,0,28,28,0,42,28,28,28,14,0,14,57,28,0,0,14,42,0,14,28,14,42,28,14,0
(주)아크릴,13,30,30,17,8,21,17,26,26,8,69,4,13,8,4,13,30,43,8,4,8,39,21,13,17,4,26,13,17,39
(주)애자일소다,0,66,33,0,0,16,50,33,0,0,50,50,0,0,0,0,100,0,0,0,33,33,16,16,0,16,66,0,16,0
(주)엔코아,0,14,42,42,0,14,14,14,14,42,42,14,0,42,0,57,42,0,0,0,0,71,14,14,0,0,0,42,0,57
(주)오픈서베이,0,42,14,28,14,0,14,14,57,14,42,28,14,0,14,28,28,42,0,0,14,28,14,14,28,14,42,42,0,0
(주)정도유아이티,16,16,50,16,0,16,0,50,33,0,66,0,16,16,0,33,0,66,0,0,33,50,0,0,16,0,33,33,16,16
(주)케이티넥스알,14,57,14,14,0,42,42,14,0,0,71,28,0,0,0,0,57,42,0,0,14,85,0,0,0,57,42,0,0,0
(주)테크랩스,0,23,23,15,38,15,0,15,23,46,53,7,7,23,7,92,7,0,0,0,0,7,38,7,46,0,0,15,15,69
미스터블루(주),0,40,60,0,0,0,20,40,0,40,40,40,0,0,20,20,40,40,0,0,0,20,20,20,40,20,0,20,0,60
에이스탁(주),0,50,25,25,0,0,25,0,25,50,25,0,75,0,0,75,25,0,0,0,0,25,0,0,75,0,0,0,0,100
유진아이티서비스(주),33,66,0,0,0,66,0,0,33,0,66,0,33,0,0,0,33,33,0,33,33,33,33,0,0,66,0,0,0,33
카본코드테크놀로지,0,100,0,0,0,100,0,0,0,0,100,0,0,0,0,0,0,100,0,0,0,100,0,0,0,100,0,0,0,0
크루메이트(주),0,57,0,42,0,14,14,0,14,57,42,14,28,14,0,42,42,14,0,0,0,42,14,28,14,0,0,42,14,42
(주)게티이미지코리아,0,68,12,18,0,37,12,12,18,18,81,6,0,0,12,18,43,37,0,0,6,37,18,12,25,0,0,6,18,75
(주)두루안,33,50,16,0,0,50,33,0,0,16,66,16,0,16,0,16,33,50,0,0,0,83,0,16,0,0,0,0,16,83
(주)럭스로보,0,40,13,20,26,20,0,6,26,46,33,26,20,0,20,33,53,13,0,0,13,33,13,20,20,6,20,20,6,46
네오넥스소프트(주),40,20,20,0,20,40,0,40,20,0,80,0,0,20,0,40,40,20,0,0,20,20,40,20,0,0,0,0,40,60
모젼스랩(주),0,0,0,0,100,0,0,0,0,100,0,100,0,0,0,0,0,100,0,0,0,0,0,100,0,0,0,0,0,100
아이디노(주),0,30,0,50,20,10,0,0,40,50,70,10,20,0,0,30,60,10,0,0,10,40,10,20,20,10,20,20,0,50
야긴스텍(주),0,0,0,50,50,0,0,0,50,50,0,50,0,50,0,0,100,0,0,0,0,0,50,50,0,0,0,0,0,100
카닥,0,54,27,18,0,27,18,0,18,36,81,9,0,9,0,0,0,36,63,0,36,45,0,9,9,27,9,0,36,27
한국쌔스소프트웨어(주),25,50,25,0,0,25,50,25,0,0,100,0,0,0,0,75,0,0,25,0,25,75,0,0,0,50,0,0,50,0
(주)굿센,0,66,33,0,0,33,33,33,0,0,100,0,0,0,0,33,66,0,0,0,0,33,0,66,0,0,0,33,0,66
(주)더아이엠씨,0,55,0,22,22,0,0,22,33,44,44,22,11,0,22,11,66,22,0,0,0,22,44,22,11,0,0,0,0,100
(주)드라마앤컴퍼니,0,31,25,31,12,6,0,6,62,25,68,12,6,12,0,18,50,25,6,0,6,62,25,6,0,25,25,18,18,12
(주)매스프레소,7,14,7,42,28,0,7,14,28,50,35,7,21,0,35,28,57,14,0,0,7,42,28,14,7,71,14,7,0,7
(주)메이드인헤븐,0,100,0,0,0,40,0,20,20,20,40,20,40,0,0,0,40,60,0,0,20,60,0,20,0,0,20,40,40,0
(주)문피아,0,18,31,37,12,0,18,6,12,62,62,12,12,12,0,25,43,18,6,6,0,31,12,31,25,6,6,0,31,56
(주)브이엔티지,0,33,33,16,16,22,22,5,22,27,83,11,0,5,0,16,44,38,0,0,27,27,16,11,16,33,11,16,11,27
(주)세이퍼존,0,0,0,33,66,0,0,33,0,66,0,0,0,33,66,66,33,0,0,0,0,0,0,33,66,0,0,0,33,66
(주)시드아이티,20,40,20,10,10,30,10,10,10,40,40,20,0,20,20,60,30,10,0,0,0,0,10,40,50,0,0,0,10,90
(주)이지닉스,0,0,25,50,25,0,0,0,33,66,25,0,50,25,0,75,25,0,0,0,0,25,0,25,50,0,0,0,50,50
(주)인지소프트,0,77,22,0,0,33,11,22,22,11,77,22,0,0,0,0,55,44,0,0,0,66,0,0,33,0,11,0,11,77
(주)지메이트시스템즈,0,33,33,33,0,33,33,0,33,0,33,0,16,16,33,50,33,16,0,0,0,50,0,16,33,0,16,16,16,50
(주)컴퓨터메이트,0,87,12,0,0,12,62,12,12,0,50,12,25,12,0,25,25,50,0,0,12,37,0,50,0,12,37,0,12,37
(주)트렌디스,42,42,14,0,0,50,21,0,14,14,85,0,0,7,7,21,35,35,7,0,28,35,14,21,0,7,14,14,28,35
디지털원(주),0,66,33,0,0,0,33,33,33,0,0,0,100,0,0,66,33,0,0,0,0,0,100,0,0,0,0,66,0,33
아이엔소프트(주),14,28,28,28,0,28,0,14,28,28,71,14,0,14,0,14,28,57,0,0,28,57,14,0,0,28,0,14,28,28
에이브랜드,0,0,0,100,0,0,0,0,0,100,0,100,0,0,0,100,0,0,0,0,0,0,0,100,0,0,0,0,0,100
엔에이치엔에듀(주),28,57,0,0,14,42,14,28,0,14,57,14,14,14,0,14,42,42,0,0,42,42,14,0,0,85,14,0,0,0
왓챠,10,70,10,10,0,40,40,0,10,10,70,10,0,10,10,20,40,30,10,0,30,70,0,0,0,80,0,0,20,0
지플러스(주),0,33,66,0,0,66,0,0,33,0,33,0,33,0,33,33,0,66,0,0,0,66,0,33,0,0,0,0,0,100
한국문헌정보기술(주),0,33,16,33,16,33,16,0,0,50,33,16,0,33,16,33,16,50,0,0,0,33,33,0,33,0,0,16,33,50
(주)나딕게임즈,9,27,27,27,9,27,18,0,27,27,90,0,9,0,0,0,45,54,0,0,18,18,9,36,18,18,0,9,27,45
(주)솔로몬텍,14,57,14,0,14,42,14,28,14,0,42,28,14,14,0,14,71,14,0,0,0,14,14,42,28,0,14,0,14,71
(주)와이더플래닛,10,30,40,20,0,20,30,20,20,10,100,0,0,0,0,0,30,70,0,0,20,50,10,20,0,30,30,30,0,10
(주)위고,0,28,14,14,42,0,28,0,14,57,28,28,28,14,0,42,57,0,0,0,0,28,0,14,57,0,0,0,0,100
(주)포스토피아,0,66,16,16,0,33,33,16,0,16,66,16,16,0,0,16,33,50,0,0,16,50,33,0,0,0,0,0,0,100
글로우데이즈(주),0,63,18,9,9,27,45,0,9,18,90,9,0,0,0,9,45,36,9,0,18,36,0,9,36,0,0,18,27,54
소프트닉스(주),0,75,25,0,0,25,25,0,25,25,75,25,0,0,0,0,50,50,0,0,0,50,25,0,25,0,0,25,25,50
쉬프트정보통신(주),0,100,0,0,0,66,33,0,0,0,33,66,0,0,0,33,66,0,0,0,0,66,33,0,0,0,0,0,33,66
통로이미지(주),0,40,40,20,0,20,40,0,40,0,80,0,0,20,0,0,80,20,0,0,0,20,20,40,20,0,0,20,0,80
플라이앤컴퍼니(주) 푸드플라이,0,33,33,33,0,33,33,0,33,0,66,0,0,33,0,66,33,0,0,0,0,0,33,33,33,33,0,33,0,33
(주)알스퀘어,0,16,83,0,0,0,33,16,50,0,83,0,16,0,0,50,33,16,0,0,50,33,16,0,0,16,33,16,16,16
(주)에코아이티,10,20,20,20,30,10,0,30,20,40,60,10,10,20,0,40,50,10,0,0,20,10,10,30,30,10,10,10,20,50
(주)큐피스트,0,18,36,9,36,0,9,9,27,54,27,27,18,9,18,27,63,9,0,0,0,63,9,18,9,9,18,0,45,27
(주)페이게이트,50,50,0,0,0,50,0,50,0,0,100,0,0,0,0,0,100,0,0,0,50,0,50,0,0,0,0,0,0,100
넥스브레인(주),25,0,25,0,50,0,50,0,0,50,25,0,50,0,25,50,50,0,0,0,0,0,25,25,50,0,25,0,0,75
드림미즈(주),0,0,40,40,20,0,0,0,20,80,80,20,0,0,0,100,0,0,0,0,0,0,40,20,40,0,0,0,20,80
리본즈코리아(주),0,66,16,0,16,0,16,33,33,16,50,16,16,16,0,0,50,33,16,0,0,66,16,16,0,0,50,0,50,0
상상스토리(주),0,33,16,33,16,16,16,0,33,33,33,50,0,16,0,50,50,0,0,0,0,16,16,33,33,0,16,0,0,83
씨아이에스텍(주),0,50,0,50,0,0,0,50,50,0,50,50,0,0,0,0,100,0,0,0,0,0,50,50,0,0,0,0,0,100
아라소프트(주),20,30,20,10,20,30,20,0,0,50,10,30,10,20,30,40,60,0,0,0,0,30,0,30,40,0,0,0,10,90
아이브스(주),0,28,42,28,0,28,14,14,28,14,57,28,0,14,0,14,71,14,0,0,14,42,0,14,28,14,28,0,14,42
원스토어(주),21,21,21,35,0,28,21,28,7,14,78,7,14,0,0,7,42,50,0,0,28,42,7,7,14,35,28,35,0,0
화이트정보통신(주),12,25,37,25,0,25,12,12,0,50,50,37,0,0,12,12,25,62,0,0,0,62,0,25,12,0,12,25,12,50
(주)다비오,0,66,22,11,0,33,33,11,22,0,100,0,0,0,0,0,44,55,0,0,0,66,0,11,22,0,22,11,33,33
(주)다임즈,16,50,16,16,0,16,33,33,16,0,50,50,0,0,0,0,50,50,0,0,16,16,33,33,0,0,16,16,50,16
(주)오마이뉴스,25,25,50,0,0,0,25,25,50,0,25,25,25,25,0,25,25,50,0,0,25,25,25,25,0,50,25,0,0,25
(주)준인터,0,33,11,33,22,0,22,22,22,33,44,11,0,11,33,44,55,0,0,0,0,22,66,0,11,0,11,0,22,66
(주)트리짓소프트웨어,0,33,0,66,0,0,0,66,0,33,100,0,0,0,0,33,66,0,0,0,0,33,0,33,33,0,0,0,33,66
(주)핸드스튜디오,0,100,0,0,0,0,100,0,0,0,100,0,0,0,0,0,0,100,0,0,0,100,0,0,0,0,0,0,0,100
동은정보기술(주),0,41,33,16,8,8,25,33,16,16,50,25,16,0,8,25,58,16,0,0,8,58,8,8,16,0,8,8,41,41
로보티즈(주),25,50,16,8,0,25,8,16,41,8,75,0,8,8,8,0,41,41,16,0,16,58,0,16,8,8,0,8,8,75
애니파이브(주),0,75,0,25,0,75,0,0,0,25,100,0,0,0,0,50,25,25,0,0,0,75,0,0,25,25,25,0,25,25
엘에스웨어(주),25,75,0,0,0,25,50,25,0,0,100,0,0,0,0,0,75,25,0,0,0,25,50,0,25,0,0,50,50,0
유니닥스(주),0,75,25,0,0,0,50,50,0,0,75,25,0,0,0,0,100,0,0,0,0,75,0,25,0,0,0,0,25,75
이에스이(주),0,75,0,25,0,50,0,25,25,0,75,0,0,0,25,0,100,0,0,0,25,50,0,25,0,25,0,0,0,75
한국콤파스(주),25,0,25,25,25,25,25,0,25,25,100,0,0,0,0,25,50,25,0,0,0,25,25,0,50,0,0,0,0,100
(주)메타넷에스엔씨,0,0,0,0,100,0,0,0,0,100,0,0,0,100,0,0,0,0,100,0,0,100,0,0,0,100,0,0,0,0
(주)이너버스,14,85,0,0,0,57,42,0,0,0,57,42,0,0,0,0,42,57,0,0,14,85,0,0,0,14,14,14,42,14
(주)이노디스,0,50,16,33,0,16,16,33,0,33,50,16,0,16,16,16,66,16,0,0,33,33,0,16,16,0,16,16,16,50
(주)지니웍스,0,50,25,0,25,0,0,25,25,50,25,25,25,0,25,25,75,0,0,0,0,25,50,0,25,0,0,0,0,100
(주)포워드퓨처,0,0,0,100,0,0,0,0,0,100,100,0,0,0,0,100,0,0,0,0,0,0,0,100,0,0,0,0,0,100
가비아씨엔에스,6,43,50,0,0,31,18,6,31,12,100,0,0,0,0,0,18,81,0,0,6,37,25,0,31,12,12,18,25,31
아이리시스(주),0,33,66,0,0,33,66,0,0,0,66,33,0,0,0,66,33,0,0,0,33,66,0,0,0,33,0,0,66,0
아이투맥스(주),7,57,21,7,7,42,14,28,7,7,85,7,0,0,7,7,35,50,7,0,7,57,14,7,14,14,35,21,21,7
오브젠(주),0,33,0,33,33,0,0,0,33,66,33,0,33,33,0,66,0,33,0,0,0,0,0,100,0,0,0,0,0,100
오큐브(주),0,50,50,0,0,50,0,0,50,0,0,0,50,0,50,0,50,50,0,0,0,50,50,0,0,0,50,0,0,50
유플러스아이티(주),40,40,0,0,20,60,0,0,20,20,60,0,20,0,20,20,60,20,0,0,0,20,0,40,40,0,0,0,0,100
지엠티(주),14,14,14,42,14,14,14,0,42,28,0,14,14,28,42,0,57,28,0,14,14,14,0,28,42,0,0,0,0,100
텐던시,0,0,0,25,75,0,0,0,0,100,25,0,50,25,0,50,50,0,0,0,0,0,25,0,75,25,0,0,0,75
팬택씨앤아이(주),0,0,50,50,0,0,0,100,0,0,0,0,100,0,0,0,50,0,50,0,50,0,50,0,0,50,0,0,50,0
(주)사이버라인,0,100,0,0,0,0,100,0,0,0,100,0,0,0,0,0,100,0,0,0,100,0,0,0,0,100,0,0,0,0
(주)틸론,0,0,60,0,40,20,0,0,20,60,20,40,0,20,20,40,40,20,0,0,0,20,0,40,40,0,0,0,40,60
(주)파스토,5,23,41,17,11,11,17,11,23,35,29,35,29,5,0,41,52,5,0,0,5,29,5,5,52,5,23,5,17,47
(주)휴먼컨설팅그룹,9,54,9,18,9,18,18,27,18,18,54,27,18,0,0,9,63,27,0,0,27,27,0,27,18,9,9,27,0,54
낙스넷(주),0,25,50,25,0,25,0,0,50,25,50,50,0,0,0,25,50,25,0,0,0,25,25,25,25,0,0,0,25,75
디딤365(주),0,75,25,0,0,0,25,25,25,25,50,50,0,0,0,50,25,25,0,0,0,50,0,0,50,0,50,0,0,50
맨텍(주),25,75,0,0,0,25,25,0,50,0,75,0,0,25,0,0,0,100,0,0,25,50,0,0,25,100,0,0,0,0
바이텍정보통신(주),0,66,33,0,0,16,0,50,33,0,66,16,16,0,0,33,33,33,0,0,33,50,16,0,0,16,0,0,16,66
비에네스소프트(주),0,83,0,0,16,33,33,16,0,16,50,0,50,0,0,0,83,16,0,0,0,33,0,16,50,0,0,0,0,100
아이티네이드(주),33,33,33,0,0,100,0,0,0,0,100,0,0,0,0,0,33,66,0,0,0,33,0,66,0,0,0,0,0,100
엔트리브소프트,0,50,12,25,12,0,12,12,25,50,50,0,25,12,12,37,25,25,12,0,0,37,12,37,12,0,0,0,0,100
이노스파크(주),0,0,0,100,0,0,0,0,100,0,0,100,0,0,0,100,0,0,0,0,0,0,100,0,0,0,0,100,0,0
크림하우스(주),0,100,0,0,0,20,20,20,40,0,60,40,0,0,0,20,60,20,0,0,60,40,0,0,0,0,20,0,80,0
튠시스템(주),0,50,0,50,0,50,0,0,50,0,100,0,0,0,0,0,50,50,0,0,100,0,0,0,0,0,0,0,0,100
퍼니글루,16,0,50,33,0,16,0,33,33,16,33,0,50,16,0,33,50,16,0,0,16,16,33,33,0,16,0,16,16,50
휴빌론,0,0,100,0,0,0,0,100,0,0,100,0,0,0,0,0,100,0,0,0,0,100,0,0,0,0,0,100,0,0
(재)행복아이씨티,100,0,0,0,0,50,50,0,0,0,100,0,0,0,0,0,50,50,0,0,0,100,0,0,0,0,100,0,0,0
(주)달콤소프트,7,57,21,0,14,35,0,14,28,21,57,28,7,0,7,28,28,42,0,0,14,21,14,21,28,14,14,21,28,21
(주)디지아이,0,42,28,14,14,0,14,42,0,42,28,14,14,14,28,28,42,28,0,0,0,57,14,14,14,0,0,0,14,85
(주)엔에스에이치씨,0,100,0,0,0,33,66,0,0,0,100,0,0,0,0,66,33,0,0,0,0,33,0,33,33,0,33,0,0,66
(주)연합인포맥스,0,20,40,40,0,20,0,20,40,20,20,20,20,40,0,0,40,40,20,0,0,60,20,20,0,0,60,0,40,0
(주)이지에이치엘디,0,71,28,0,0,42,28,0,14,14,100,0,0,0,0,28,71,0,0,0,14,42,28,0,14,0,0,0,14,85
(주)이파피루스,0,75,12,0,12,12,37,25,25,0,87,0,12,0,0,25,37,37,0,0,0,37,37,25,0,12,0,12,0,75
(주)인밸류비즈,0,0,0,100,0,0,0,0,50,50,0,50,0,50,0,0,50,50,0,0,0,50,0,50,0,0,0,0,0,100
(주)커머스웨어,0,55,22,22,0,0,55,22,11,11,66,11,0,22,0,11,77,11,0,0,0,33,22,11,33,0,0,0,33,66
(주)파워젠,7,46,15,30,0,15,7,30,38,7,84,0,15,0,0,15,61,23,0,0,7,23,7,30,30,0,7,7,7,76
(주)푸시,11,33,44,11,0,22,0,11,11,55,88,0,0,11,0,44,33,0,11,11,0,22,11,22,44,0,0,0,11,88
뉴리버,0,0,0,0,100,0,0,0,0,100,0,0,25,0,75,75,25,0,0,0,0,25,0,0,75,25,25,0,0,50
데이타뱅크시스템즈(주),0,0,75,0,25,0,25,0,0,75,75,0,0,0,25,25,50,25,0,0,0,50,0,0,50,0,0,0,25,75
메리트인(주),0,0,100,0,0,0,50,50,0,0,100,0,0,0,0,0,0,100,0,0,0,50,0,0,50,0,0,0,50,50
브라이어스(주),0,0,0,50,50,0,0,0,0,100,0,0,0,100,0,50,50,0,0,0,0,0,0,50,50,0,0,0,0,100
비트러스트(주),50,0,25,25,0,25,50,0,0,25,75,0,0,0,25,25,25,25,25,0,0,50,25,25,0,25,0,0,25,50
씽크풀(주),0,33,66,0,0,0,0,66,0,33,66,0,33,0,0,33,33,33,0,0,0,33,33,33,0,0,0,0,0,100
유디엠텍(주),0,50,33,16,0,16,16,16,16,33,50,0,16,33,0,16,66,16,0,0,16,16,33,16,16,0,0,33,16,50
이케이(주) ,0,66,16,0,16,33,16,33,0,16,100,0,0,0,0,33,33,33,0,0,0,83,0,0,16,0,0,0,33,66
제오젠(주),0,50,0,50,0,0,25,50,0,25,50,0,25,25,0,0,100,0,0,0,0,75,25,0,0,0,50,25,0,25
큐브앤큐브(주),0,0,0,0,100,0,0,0,0,100,0,0,0,0,100,100,0,0,0,0,0,0,0,0,100,0,0,100,0,0
프렌트립(주),0,23,53,7,15,7,0,23,38,30,76,0,15,0,7,23,69,7,0,0,15,61,15,7,0,46,15,7,30,0
피디시스템(주),0,100,0,0,0,0,100,0,0,0,50,50,0,0,0,0,100,0,0,0,0,100,0,0,0,0,0,0,0,100
(주)노매드커넥션,0,100,0,0,0,0,0,33,66,0,100,0,0,0,0,0,33,66,0,0,0,66,0,33,0,0,66,0,33,0
(주)디스이즈게임닷컴,25,50,0,25,0,0,0,25,25,50,50,0,25,0,25,50,25,25,0,0,0,25,0,50,25,0,25,50,0,25
(주)민커뮤니케이션,0,66,33,0,0,66,33,0,0,0,33,66,0,0,0,66,33,0,0,0,0,33,66,0,0,0,33,0,0,66
(주)비즈스프링,0,66,33,0,0,100,0,0,0,0,66,33,0,0,0,0,66,33,0,0,33,66,0,0,0,0,0,0,66,33
(주)애니게이트,20,60,20,0,0,40,60,0,0,0,80,0,0,20,0,0,40,60,0,0,0,60,0,0,40,0,40,0,20,40
(주)에어패스,40,40,0,20,0,80,0,0,20,0,60,0,20,0,20,0,60,40,0,0,20,20,0,40,20,0,20,0,40,40
(주)엔이에스,100,0,0,0,0,0,50,0,50,0,100,0,0,0,0,0,100,0,0,0,0,100,0,0,0,0,50,0,50,0
디지레이(주),20,60,20,0,0,60,0,20,0,20,100,0,0,0,0,0,80,20,0,0,40,20,40,0,0,0,40,0,0,60
라오니스(주),0,50,33,16,0,0,16,16,33,33,50,0,33,16,0,50,33,16,0,0,16,50,0,16,16,0,16,0,33,50
아이씨티웨이(주),12,12,50,25,0,12,12,25,0,50,50,37,0,0,12,25,62,12,0,0,12,25,12,37,12,0,12,0,0,87
엔시큐어(주),14,57,28,0,0,14,57,28,0,0,85,0,0,0,14,0,28,71,0,0,14,71,14,0,0,0,0,0,42,57
인스웨이브시스템즈(주),25,25,50,0,0,25,25,0,25,25,50,25,0,25,0,25,50,25,0,0,0,75,0,25,0,0,25,0,25,50
지티플러스(주),60,0,20,20,0,40,0,40,0,20,20,40,20,0,20,20,0,80,0,0,60,0,20,20,0,20,20,20,20,20
코디얼(주),14,28,28,0,28,14,42,0,14,28,57,14,0,0,28,42,57,0,0,0,14,57,0,0,28,0,42,0,0,57
테이블링(주),0,100,0,0,0,85,14,0,0,0,85,14,0,0,0,28,57,14,0,0,28,57,0,14,0,0,0,0,42,57
한길씨앤씨(주),0,100,0,0,0,0,50,50,0,0,50,50,0,0,0,0,50,50,0,0,0,100,0,0,0,0,0,0,0,100
(주)가온스,0,33,66,0,0,22,0,22,33,22,77,22,0,0,0,22,66,0,11,0,0,44,44,11,0,11,0,11,22,55
(주)리앙커뮤니케이션즈,0,0,100,0,0,0,0,0,0,100,0,50,0,0,50,100,0,0,0,0,0,50,0,0,50,0,0,50,0,50
(주)에프에스엔,0,60,20,0,20,40,20,10,10,20,90,0,0,0,10,0,50,50,0,0,10,50,10,30,0,20,10,0,40,30
(주)자란다,7,28,21,35,7,14,7,28,14,35,78,14,0,0,7,42,50,7,0,0,14,35,7,14,28,42,0,14,21,21
(주)즐거운,16,33,50,0,0,0,0,0,66,33,50,16,16,0,16,16,66,16,0,0,16,50,16,0,16,33,16,16,0,33
(주)진앤현시큐리티,33,33,0,33,0,0,0,33,33,33,0,33,33,33,0,33,33,33,0,0,0,33,66,0,0,33,0,33,33,0
(주)한국직업개발원,0,41,16,33,8,16,25,8,16,33,58,33,0,0,8,58,25,16,0,0,0,33,25,8,33,0,25,0,8,66
(주)한성아이티엘,20,60,0,0,20,40,20,40,0,0,60,0,40,0,0,0,40,40,20,0,20,40,20,0,20,0,0,20,20,60
넛지헬스케어(주),3,66,25,3,0,62,18,11,0,7,92,0,3,3,0,18,66,14,0,0,11,33,29,11,14,7,7,7,14,62
드림라인,0,40,60,0,0,20,60,20,0,0,60,20,0,20,0,0,70,30,0,0,10,30,20,20,20,0,20,10,10,60
럽디(주),0,22,33,44,0,0,11,22,33,33,33,11,22,11,22,88,11,0,0,0,11,44,11,33,0,0,33,22,33,11
브이씨엔씨(주),0,53,46,0,0,38,7,7,38,7,69,0,15,15,0,30,38,15,15,0,38,38,23,0,0,61,23,7,0,7
블루사이드(주),33,33,0,0,33,0,0,0,66,33,33,33,0,33,0,0,33,66,0,0,0,0,33,33,33,0,0,0,33,66
시지온(주),25,62,12,0,0,62,12,12,12,0,75,12,12,0,0,0,75,25,0,0,50,12,25,12,0,0,25,12,37,25
씨에스피아이(주),42,42,0,0,14,42,28,14,0,14,57,14,14,0,14,14,42,42,0,0,0,71,0,0,28,0,14,14,14,57
에듀베이션(주),0,80,20,0,0,80,0,0,20,0,100,0,0,0,0,20,40,40,0,0,0,80,20,0,0,0,0,40,40,20
엔타즈(주),0,0,0,0,100,0,0,0,0,100,0,0,100,0,0,100,0,0,0,0,0,100,0,0,0,0,0,0,0,100
엘토브(주),25,25,50,0,0,0,25,25,50,0,25,0,50,25,0,25,25,50,0,0,0,25,0,75,0,0,25,0,50,25
엠비아이솔루션(주),0,85,14,0,0,85,14,0,0,0,100,0,0,0,0,14,42,42,0,0,14,85,0,0,0,14,14,0,28,42
옴니피앤씨(주),0,100,0,0,0,0,0,0,100,0,0,100,0,0,0,0,100,0,0,0,0,0,100,0,0,0,0,0,100,0
웰게이트(주),0,25,75,0,0,0,25,50,25,0,0,75,25,0,0,0,50,50,0,0,25,50,25,0,0,0,0,25,50,25
유니티테크놀로지스코리아(유),0,80,0,20,0,40,20,20,20,0,80,0,20,0,0,20,0,60,20,0,40,20,20,20,0,80,0,0,20,0
한네트(주),0,25,75,0,0,0,50,0,25,25,100,0,0,0,0,25,25,50,0,0,25,0,50,25,0,0,0,0,25,75
(주)미궁365,0,40,20,20,20,0,20,40,20,20,60,40,0,0,0,60,0,40,0,0,0,20,20,20,40,20,0,20,0,60
(주)비트망고,0,62,37,0,0,37,12,50,0,0,100,0,0,0,0,0,62,37,0,0,0,37,50,12,0,0,0,25,75,0
(주)스마일서브,50,50,0,0,0,50,50,0,0,0,100,0,0,0,0,25,50,25,0,0,25,25,25,25,0,0,25,0,25,50
(주)시큐레이어,6,33,33,13,13,26,13,13,26,20,66,0,13,6,13,20,26,53,0,0,13,40,6,13,26,0,13,6,26,53
(주)온라인파워스,0,16,16,16,50,16,16,0,0,66,66,0,0,0,33,33,33,33,0,0,0,50,0,16,33,0,0,0,0,100
(주)유시스,25,0,25,25,25,0,0,25,50,25,50,0,0,25,25,75,0,25,0,0,25,25,0,25,25,25,0,0,0,75
(주)이지로보틱스,0,50,16,16,16,16,25,0,41,16,25,25,8,25,16,8,58,33,0,0,0,50,8,16,25,0,8,16,25,50
로지스팟(주),0,52,26,10,10,26,21,15,21,15,68,21,0,10,0,10,63,26,0,0,10,57,10,5,15,5,47,26,5,15
미디어솔루션(주),33,66,0,0,0,33,33,33,0,0,66,33,0,0,0,0,100,0,0,0,0,66,33,0,0,0,0,33,0,66
센티널테크놀로지(주),0,0,25,50,25,0,0,0,25,75,0,25,50,25,0,50,25,25,0,0,0,50,25,25,0,0,0,0,25,75
스콥정보통신(주),33,66,0,0,0,66,33,0,0,0,66,33,0,0,0,33,0,66,0,0,33,0,66,0,0,33,0,0,33,33
아이캔매니지먼트(주),0,33,33,33,0,0,33,33,0,33,33,33,33,0,0,66,33,0,0,0,0,33,33,0,33,33,0,0,33,33
정원엔시스(주),0,50,0,25,25,0,50,25,25,0,50,25,0,25,0,50,0,50,0,0,25,50,25,0,0,0,0,25,25,50
지온네트웍스(주),0,0,0,100,0,0,0,0,0,100,0,100,0,0,0,0,100,0,0,0,0,100,0,0,0,0,0,0,0,100
푸르넷닷컴(주),66,33,0,0,0,66,33,0,0,0,100,0,0,0,0,100,0,0,0,0,33,33,0,0,33,33,0,0,0,66
(주)리플렉션,0,42,14,0,42,0,28,14,28,28,42,28,0,14,14,42,42,14,0,0,0,71,0,14,14,0,0,14,28,57
(주)망고플레이트,0,0,0,100,0,0,0,0,0,100,100,0,0,0,0,100,0,0,0,0,0,100,0,0,0,0,0,0,0,100
(주)머스트잇,16,58,25,0,0,50,25,8,8,8,100,0,0,0,0,25,25,50,0,0,8,58,8,8,16,8,16,0,8,66
(주)비에스에스스포츠,0,50,50,0,0,0,25,25,50,0,25,50,0,0,25,0,50,50,0,0,50,25,25,0,0,0,25,0,0,75
(주)아이티뱅크,0,0,50,50,0,0,0,0,0,100,0,0,0,50,50,50,50,0,0,0,0,0,0,0,100,0,0,50,0,50
(주)에이투엠,0,62,0,25,12,50,12,0,0,37,50,12,25,12,0,12,25,62,0,0,37,37,12,0,12,0,12,0,12,75
(주)에프엑스기어,0,50,50,0,0,0,50,50,0,0,100,0,0,0,0,50,0,50,0,0,0,100,0,0,0,0,50,0,0,50
(주)엠피알디,0,50,0,50,0,0,0,0,0,100,0,100,0,0,0,50,50,0,0,0,0,0,0,50,50,0,0,0,50,50
(주)웨어밸리,0,0,100,0,0,0,100,0,0,0,100,0,0,0,0,0,0,100,0,0,0,0,0,100,0,0,0,0,0,100
(주)인사이드정보,50,0,50,0,0,50,0,50,0,0,50,0,50,0,0,0,100,0,0,0,0,100,0,0,0,0,50,0,0,50
(주)제이티넷,0,25,75,0,0,25,0,50,25,0,75,25,0,0,0,25,75,0,0,0,25,75,0,0,0,25,50,25,0,0
(주)키메디,0,20,40,30,10,0,10,40,0,50,70,10,10,0,10,20,30,50,0,0,10,40,20,10,20,0,30,20,20,30
(주)타임게이트,0,37,0,50,12,0,25,12,12,50,12,12,12,37,25,0,62,37,0,0,25,25,25,0,25,25,0,37,12,25
(주)해줌,0,54,36,9,0,27,18,0,45,9,54,27,9,9,0,9,54,36,0,0,9,54,18,0,18,9,0,18,36,36
계영티앤아이(주),0,100,0,0,0,100,0,0,0,0,50,0,50,0,0,0,0,100,0,0,0,50,0,0,50,0,0,0,0,100
나눔기술(주),0,100,0,0,0,0,0,100,0,0,0,100,0,0,0,0,0,100,0,0,0,0,0,0,100,0,0,0,0,100
대원씨앤씨(주),0,100,0,0,0,0,33,0,33,33,33,33,0,0,33,0,66,33,0,0,33,33,33,0,0,0,0,0,0,100
범일정보(주),0,50,50,0,0,0,25,25,50,0,50,25,0,0,25,50,50,0,0,0,0,50,25,25,0,0,25,25,0,50
비앤에프테크놀로지(주),20,40,20,20,0,40,20,0,40,0,60,20,0,20,0,20,60,20,0,0,20,40,20,20,0,0,20,0,0,80
씨씨알(주),0,100,0,0,0,100,0,0,0,0,100,0,0,0,0,100,0,0,0,0,0,0,0,0,100,0,0,0,0,100
양재미디어(주),0,0,50,50,0,0,0,0,50,50,50,0,50,0,0,0,50,50,0,0,0,50,0,50,0,0,50,0,0,50
에쓰오씨소프트(주),0,33,33,22,11,11,11,22,22,33,44,11,11,0,33,33,66,0,0,0,0,22,22,33,22,11,0,11,22,55
에프지아이(주),0,100,0,0,0,0,100,0,0,0,100,0,0,0,0,0,100,0,0,0,100,0,0,0,0,0,100,0,0,0
엘림넷(주),0,75,25,0,0,25,50,0,25,0,75,25,0,0,0,0,100,0,0,0,0,50,0,0,50,0,0,25,0,75
위메이드아이오(주),0,0,100,0,0,0,0,0,100,0,0,0,0,0,100,0,0,100,0,0,0,0,0,0,100,0,0,0,0,100
자우미디어(주),0,33,44,11,11,33,22,0,11,33,55,11,11,11,11,33,11,44,11,0,55,11,0,11,22,55,11,0,0,33
잘만테크(주),0,0,33,33,33,0,0,0,33,66,33,33,0,33,0,0,100,0,0,0,33,0,0,33,33,0,0,0,33,66
케이디디아이코리아(주),0,33,33,0,33,0,33,0,33,33,100,0,0,0,0,0,66,33,0,0,0,33,0,33,33,0,0,0,33,66
키즈노트(주),0,40,0,60,0,0,20,0,0,80,20,40,20,0,20,0,80,20,0,0,0,60,20,20,0,40,0,60,0,0
하렉스인포텍(주),22,55,22,0,0,0,55,11,22,11,66,33,0,0,0,11,77,11,0,0,11,55,11,11,11,0,0,0,11,88
(주)게이즈,0,50,25,25,0,25,25,25,0,25,50,0,25,0,25,25,75,0,0,0,0,25,25,25,25,0,25,0,0,75
(주)넷아이디,0,37,50,0,12,0,25,37,37,0,50,0,37,12,0,12,37,50,0,0,25,25,12,37,0,12,0,25,25,37
(주)더커머스,16,50,16,16,0,16,16,33,0,33,83,0,0,0,16,16,83,0,0,0,0,50,0,0,50,16,33,0,16,33
(주)로드컴플릿,0,58,33,8,0,16,25,33,16,8,41,41,8,8,0,0,58,33,0,8,16,50,16,8,8,25,8,16,41,8
(주)신라시스템,0,100,0,0,0,0,50,0,50,0,0,50,0,0,50,50,50,0,0,0,0,50,50,0,0,0,0,0,0,100
(주)워터정보,0,50,0,0,50,0,50,0,0,50,50,0,0,0,50,50,50,0,0,0,50,0,0,50,0,0,50,0,50,0
(주)주연테크,16,66,16,0,0,66,16,0,16,0,100,0,0,0,0,50,0,50,0,0,0,50,16,33,0,0,16,33,0,50
(주)클루커스,5,42,21,21,10,15,15,15,31,21,36,10,26,10,15,10,26,63,0,0,21,42,15,21,0,10,26,0,36,26
(주)탈잉,0,37,50,12,0,12,25,12,37,12,75,12,0,12,0,12,62,25,0,0,12,75,0,0,12,62,25,0,12,0
(주)테르텐,33,66,0,0,0,66,0,0,33,0,100,0,0,0,0,33,66,0,0,0,33,66,0,0,0,0,0,0,33,66
(주)핫셀러,0,41,35,23,0,16,0,11,27,44,61,16,11,0,11,38,33,27,0,0,16,61,11,0,11,0,22,0,27,50
셀파소프트(주),0,100,0,0,0,33,33,33,0,0,66,33,0,0,0,0,0,100,0,0,33,33,0,33,0,66,0,0,0,33
소프트원(주),0,60,20,20,0,20,20,20,0,40,100,0,0,0,0,20,80,0,0,0,0,0,20,20,60,0,0,0,0,100
아토리서치(주),14,71,0,14,0,57,14,0,14,14,57,28,14,0,0,14,28,57,0,0,28,57,0,0,14,28,28,28,14,0
유시스(주),0,0,0,50,50,0,0,0,0,100,0,50,50,0,0,0,100,0,0,0,0,0,0,100,0,0,0,0,0,100
전자조달연구원(주),0,25,0,50,25,0,25,0,25,50,75,0,0,25,0,25,75,0,0,0,0,25,0,25,50,0,0,0,0,100
제노이드(주),0,100,0,0,0,0,0,0,100,0,100,0,0,0,0,100,0,0,0,0,0,0,0,0,100,0,0,0,0,100
트래포트(주),0,100,0,0,0,0,0,100,0,0,100,0,0,0,0,0,0,100,0,0,0,100,0,0,0,0,0,100,0,0
티에이나인(주),0,100,0,0,0,0,66,33,0,0,33,66,0,0,0,33,33,33,0,0,0,33,66,0,0,33,0,0,33,33
한국정보시스템,0,100,0,0,0,50,50,0,0,0,50,50,0,0,0,50,0,50,0,0,50,0,0,50,0,0,0,0,50,50
(주)두꺼비세상,12,87,0,0,0,62,25,12,0,0,100,0,0,0,0,25,50,25,0,0,37,37,0,25,0,0,12,0,25,62
(주)세포아소프트,0,33,66,0,0,0,33,0,66,0,100,0,0,0,0,0,66,33,0,0,0,0,0,100,0,66,0,0,33,0
(주)셀메이트,30,61,7,0,0,50,7,14,21,7,64,14,7,7,7,14,50,28,0,7,21,35,21,14,7,14,7,7,28,42
(주)소프트웨어인라이프,0,80,20,0,0,20,40,0,20,20,80,20,0,0,0,60,40,0,0,0,0,0,40,40,20,0,0,0,0,100
(주)아이티키,0,60,20,20,0,60,0,0,0,40,100,0,0,0,0,40,60,0,0,0,20,20,0,40,20,20,0,0,20,60
(주)참좋은인터넷,33,0,66,0,0,0,33,0,33,33,66,33,0,0,0,33,33,33,0,0,0,0,66,33,0,0,0,0,0,100
(주)티모넷,14,85,0,0,0,57,42,0,0,0,100,0,0,0,0,0,28,71,0,0,0,71,14,0,14,0,0,0,0,100
(주)펀진,0,60,20,20,0,40,20,20,20,0,60,20,0,20,0,0,80,20,0,0,20,20,20,20,20,0,0,0,40,60
바나플(유),28,42,28,0,0,42,0,14,42,0,71,0,14,14,0,14,57,28,0,0,28,42,14,0,14,0,14,0,28,57
빌포스트(주),0,0,50,50,0,0,0,0,100,0,0,0,0,100,0,0,100,0,0,0,0,100,0,0,0,0,0,0,0,100
소프트아이텍(주),0,50,25,0,25,0,0,25,50,25,0,50,25,0,25,25,25,50,0,0,0,50,0,0,50,0,25,0,0,75
에프에이솔루션(주),50,25,0,25,0,25,0,0,25,50,50,0,25,25,0,0,50,50,0,0,25,50,0,0,25,0,0,0,0,100
엑스엔시스템즈(주),0,75,25,0,0,50,25,25,0,0,25,50,25,0,0,0,25,75,0,0,0,75,25,0,0,25,25,0,50,0
엔파인(주),16,83,0,0,0,66,33,0,0,0,100,0,0,0,0,16,50,33,0,0,0,0,16,66,16,0,0,0,16,83
원트리즈뮤직(주),0,33,33,0,33,33,33,0,0,33,33,33,0,0,33,100,0,0,0,0,33,0,66,0,0,33,0,33,33,0
위닉스정보(주),0,0,0,100,0,50,0,0,0,50,50,0,50,0,0,50,50,0,0,0,0,50,0,0,50,0,0,0,0,100
이노포스커뮤니케이션즈(주),0,0,0,0,100,0,0,0,50,50,50,0,0,0,50,50,50,0,0,0,0,0,0,100,0,50,0,0,0,50
티오이십일(주),12,12,37,37,0,0,37,12,37,12,37,12,37,0,12,28,42,28,0,0,12,50,0,25,12,0,25,12,12,50
(재)한국통계정보원,0,100,0,0,0,66,16,16,0,0,100,0,0,0,0,33,50,16,0,0,16,33,50,0,0,0,0,0,16,83
(주)가민정보시스템,0,25,75,0,0,0,0,0,75,25,25,25,50,0,0,0,75,25,0,0,0,25,25,25,25,0,0,25,50,25
(주)레전더리스,0,62,25,12,0,25,12,0,25,37,50,12,0,12,25,12,50,12,25,0,25,50,12,12,0,62,12,12,12,0
(주)센드버드코리아,22,55,11,11,0,33,11,11,44,0,44,22,11,11,11,22,44,11,11,11,22,55,11,11,0,88,11,0,0,0
(주)에이치씨인포,25,75,0,0,0,12,50,25,12,0,75,12,12,0,0,12,62,25,0,0,12,50,25,12,0,0,12,25,12,50
(주)이수시스템,0,50,50,0,0,16,33,16,33,0,100,0,0,0,0,16,33,50,0,0,16,50,33,0,0,16,16,16,16,33
(주)이포즌,0,100,0,0,0,20,20,60,0,0,60,20,0,20,0,0,40,60,0,0,0,40,20,0,40,0,20,0,40,40
(주)푸드테크,0,33,26,6,33,13,13,13,26,33,40,13,13,13,20,20,66,13,0,0,0,40,0,33,26,0,40,13,13,33
(주)플레이팅,0,100,0,0,0,50,0,0,0,50,50,0,0,0,50,50,50,0,0,0,0,0,100,0,0,0,0,50,0,50
공영디비엠(주),0,100,0,0,0,0,0,0,0,100,100,0,0,0,0,0,100,0,0,0,0,0,0,100,0,0,0,0,0,100
기분좋은커뮤니케이션(주),0,100,0,0,0,0,0,100,0,0,100,0,0,0,0,0,100,0,0,0,0,0,0,0,100,0,0,100,0,0
사이버이메지네이션(주),0,50,50,0,0,0,0,50,50,0,50,50,0,0,0,0,50,50,0,0,0,0,0,0,100,0,0,0,0,100
위니웍스(주),0,0,0,100,0,0,100,0,0,0,0,0,100,0,0,100,0,0,0,0,0,100,0,0,0,0,100,0,0,0
이우소프트(주),0,100,0,0,0,0,100,0,0,0,100,0,0,0,0,0,100,0,0,0,0,0,0,0,100,0,0,100,0,0
이지위드(주),0,33,0,33,33,0,33,0,0,66,33,0,33,0,33,33,66,0,0,0,0,66,0,33,0,33,0,0,66,0
케이아이티밸리(주),0,50,50,0,0,25,25,0,50,0,25,50,25,0,0,50,50,0,0,0,0,75,25,0,0,0,0,0,50,50
콩테크(주),20,10,40,10,20,20,10,10,30,30,60,0,10,10,20,30,20,40,0,10,20,20,10,10,40,10,20,0,0,70
플랜티넷(주),11,55,22,0,11,0,33,33,11,22,55,22,0,11,11,11,44,44,0,0,0,55,33,11,0,0,11,44,22,22
(주)모코엠시스,25,75,0,0,0,50,50,0,0,0,25,75,0,0,0,37,62,0,0,0,12,50,0,0,37,12,25,0,12,50
(주)미트박스글로벌,0,66,11,11,11,22,0,33,22,22,66,0,11,11,11,22,55,22,0,0,0,44,22,0,33,0,0,33,22,44
(주)솔바테크놀러지,0,75,25,0,0,50,25,25,0,0,75,25,0,0,0,0,100,0,0,0,0,25,0,25,50,0,25,0,0,75
(주)예람,0,55,11,11,22,22,22,0,22,33,55,33,11,0,0,33,44,22,0,0,0,33,33,11,22,0,0,11,33,55
(주)자이트솔루션,0,100,0,0,0,100,0,0,0,0,0,0,100,0,0,0,0,100,0,0,0,100,0,0,0,0,0,0,100,0
(주)지오소프트,0,100,0,0,0,0,0,0,0,100,0,0,0,100,0,0,100,0,0,0,0,0,0,100,0,0,0,0,0,100
(주)하누리티엔,0,100,0,0,0,100,0,0,0,0,100,0,0,0,0,0,100,0,0,0,100,0,0,0,0,100,0,0,0,0
나라비전(주),0,0,50,50,0,0,50,0,0,50,50,50,0,0,0,0,50,50,0,0,0,50,50,0,0,0,50,50,0,0
센텀소프트(주),0,0,0,0,100,0,0,0,50,50,0,0,50,0,50,100,0,0,0,0,0,0,0,50,50,0,0,0,0,100
아세테크(주),0,60,40,0,0,20,20,20,20,20,60,40,0,0,0,40,60,0,0,0,0,80,20,0,0,0,0,20,0,80
안리쓰코퍼레이션(주),0,0,50,16,33,0,33,0,16,50,50,33,0,16,0,50,50,0,0,0,0,33,33,16,16,16,0,16,16,50
영우씨엔아이(주),0,66,33,0,0,0,33,33,33,0,66,33,0,0,0,0,66,33,0,0,0,66,0,0,33,0,33,0,0,66
와이에이치데이타베이스(주),0,60,0,20,20,0,20,0,60,20,20,20,40,20,0,40,20,40,0,0,0,40,0,40,20,0,20,20,40,20
워터월시스템즈(주),0,0,33,66,0,0,0,0,66,33,33,66,0,0,0,0,0,100,0,0,0,66,33,0,0,66,0,33,0,0
유누스(주),0,0,0,100,0,0,0,0,0,100,0,0,0,0,100,100,0,0,0,0,0,0,0,100,0,0,0,0,0,100
유디피(주),33,66,0,0,0,33,33,33,0,0,100,0,0,0,0,0,33,66,0,0,0,100,0,0,0,0,33,33,0,33
캠프모바일,0,0,100,0,0,0,0,0,100,0,100,0,0,0,0,0,0,100,0,0,0,0,0,100,0,0,0,100,0,0
티온네트워크(주),0,66,33,0,0,0,66,0,33,0,33,0,33,33,0,33,66,0,0,0,0,66,0,33,0,0,0,33,66,0
(주)브이더블유,0,100,0,0,0,0,0,0,100,0,100,0,0,0,0,0,100,0,0,0,0,100,0,0,0,0,100,0,0,0
(주)에어코드,0,25,12,25,37,25,0,0,12,62,50,25,25,0,0,12,87,0,0,0,12,12,12,12,50,12,0,0,12,75
(주)오픈메이트,33,50,16,0,0,33,33,33,0,0,83,16,0,0,0,0,16,83,0,0,50,0,16,16,16,0,33,16,16,33
(주)올윈에듀,50,50,0,0,0,0,50,50,0,0,100,0,0,0,0,0,0,100,0,0,0,50,0,50,0,0,0,50,0,50
(주)잉크와오피스,0,66,33,0,0,66,0,0,33,0,100,0,0,0,0,0,66,33,0,0,0,33,0,66,0,0,0,0,33,66
(주)케이티엠모바일,0,20,50,30,0,0,10,30,30,30,80,0,10,10,0,20,50,30,0,0,10,10,50,30,0,10,10,10,50,20
(주)한위드정보기술,0,62,37,0,0,37,12,12,37,0,50,12,25,12,0,25,62,12,0,0,0,50,12,25,12,12,12,25,12,37
도전하는사람들(주),100,0,0,0,0,100,0,0,0,0,100,0,0,0,0,0,0,100,0,0,0,100,0,0,0,0,0,0,0,100
라온엔터테인먼트(주),25,50,25,0,0,25,25,0,50,0,25,50,0,25,0,25,25,50,0,0,25,75,0,0,0,0,0,0,25,75
링인터랙티브(주),33,33,0,33,0,33,0,33,33,0,66,33,0,0,0,0,66,33,0,0,0,100,0,0,0,0,0,0,66,33
메이븐코리아(주),0,0,33,33,33,0,0,0,33,66,33,0,0,33,33,33,33,33,0,0,0,0,0,33,66,0,0,0,0,100
바른경제티브이(주),0,22,33,33,11,22,11,0,22,44,77,11,0,11,0,55,22,11,11,0,0,11,44,22,22,0,0,0,22,77
송월타올수건이야기(주),16,33,33,16,0,16,33,0,33,16,33,0,33,33,0,66,33,0,0,0,16,16,0,0,66,0,0,0,0,100
써브나라(주),0,50,50,0,0,50,0,50,0,0,100,0,0,0,0,100,0,0,0,0,0,0,0,0,100,0,0,0,0,100
에이제이전시몰(주),0,50,50,0,0,0,0,50,50,0,50,50,0,0,0,100,0,0,0,0,0,50,50,0,0,0,0,0,50,50
위트콤(주),0,100,0,0,0,20,40,20,20,0,20,80,0,0,0,40,60,0,0,0,0,60,0,20,20,0,40,20,0,40
이노뎁(주),0,41,16,16,25,16,16,16,8,41,33,33,8,8,16,8,33,58,0,0,16,58,8,0,16,0,8,0,50,41
이노시스컴퍼니(주),0,40,20,0,40,0,20,40,20,20,60,20,20,0,0,20,60,20,0,0,0,40,0,0,60,0,0,0,40,60
이롭게,0,0,0,0,100,0,0,0,100,0,100,0,0,0,0,0,100,0,0,0,0,0,100,0,0,0,0,0,0,100
이스톰(주),0,100,0,0,0,0,100,0,0,0,100,0,0,0,0,0,100,0,0,0,0,0,0,100,0,0,0,0,0,100
인재아이엔씨(주),0,25,50,0,25,0,0,0,50,50,25,50,0,0,25,25,25,50,0,0,0,50,25,25,0,0,0,0,0,100
전능아이티(주),0,42,28,28,0,14,0,14,57,14,71,0,28,0,0,28,14,57,0,0,0,42,14,42,0,28,0,0,71,0
케이투웹테크(주),0,50,33,0,16,0,50,16,16,16,83,0,16,0,0,16,83,0,0,0,0,33,0,33,33,0,0,0,33,66
코드마(주),33,16,0,33,16,16,0,16,16,50,50,0,16,16,16,50,0,33,16,0,16,16,16,33,16,0,0,0,33,66
