id,name,score,n,benefit_pay,balance,culture,promotion,boarder,recommend,CEO_support,potential
50695,(주)티몬,2.8,2066,2.5,3.1,3.3,2.5,2.2,32,30,13
60632,(주)위메프,2.6,2057,2.4,2.7,2.8,2.7,2,23,28,14
30162,삼성에스디에스(주),3.5,1838,3.9,3.4,3.4,3.3,2.7,65,41,30
63857,(주)엘지유플러스,3.2,1802,3.2,3.2,3.2,2.9,2.7,51,55,28
63859,(주)엘지씨엔에스,3.1,1790,2.8,3.1,3.7,3.1,2.4,48,32,18
53191,(주)케이티,3.1,1717,2.9,3.6,3.1,2.8,2.4,49,37,18
42217,네이버(주),3.9,1417,4,3.5,3.8,3.5,3.2,83,67,58
35657,롯데정보통신(주),2.7,1113,2.5,3,2.6,2.7,2.2,29,33,12
81407,(주)더존비즈온,2.3,1108,2.2,2.3,2.2,2.6,1.8,22,21,29
93880,(주)카카오,3.8,1016,3.5,4.3,4.1,3.2,3,81,57,54
64418,(주)엔씨소프트,3.6,970,4,3.4,3.3,2.9,2.8,71,70,32
53174,케이티씨에스(주),2.7,954,2.5,3.1,2.7,2.4,2.4,23,36,6
20564,에스케이플래닛(주),3.5,949,3.9,3.9,3.8,2.8,2.6,59,45,18
285,효성아이티엑스(주),2.8,935,2.5,3.1,2.8,2.5,2.4,29,41,10
23717,카페24(주),3.5,172,3.5,4,3.3,3,3,67,72,36
94863,씨제이올리브네트웍스(주),2.9,906,3.1,2.8,2.8,2.8,2.5,38,52,22
20575,SK텔레콤(주),4,894,4.4,3.9,3.9,3.3,3.3,81,68,34
88549,요기요,3,877,2.9,3.4,3.3,2.8,2.7,41,51,29
67099,(주)안랩,3.5,865,2.8,3.8,3.7,3.3,2.6,62,52,19
83498,(주)넥슨코리아,3.7,861,3.6,3.6,3.8,3.2,2.9,75,59,37
74164,(주)사람인에이치알,3,831,2.7,3,3,2.8,2.5,42,47,35
89637,(주)야놀자,2.8,829,2.9,2.8,2.9,2.7,2.4,38,54,43
3386,한국아이비엠(주),3.1,806,2.5,3.2,3.5,3.1,2.5,49,49,12
96821,(주)인라이플,2.9,788,3,3,2.5,3.2,2,57,58,59
50992,(주)티맥스소프트,2.8,706,3.2,2.5,2.9,2.9,1.9,37,27,22
53178,(주)케이티스,2.6,672,2.7,2.8,2.6,2.5,2.2,18,29,7
7468,(주)케이티알파,2.8,654,2.5,3.7,3.2,2.1,2.2,32,33,14
76814,미라콤아이앤씨(주),2.9,633,3.3,3.8,3,2.7,2.1,42,39,9
57685,인피닉(주),2.1,612,1.7,2.6,2.4,2.1,1.9,10,23,7
88463,엔에이치엔(주),3.4,606,3.5,3.6,3.6,3.1,2.8,61,55,26
52955,(주)코리아센터,2.6,589,2.4,3.2,2.5,2.6,2,32,32,20
61420,(주)우아한형제들,3.6,586,3.8,3.3,3.9,3.3,3.4,72,78,59
53189,(주)케이티디에스,2.9,580,2.8,3.1,3,2.8,2.2,37,33,14
1306,현대오토에버(주),3.5,563,3.6,3.7,3.3,2.9,2.6,64,29,29
89255,라인플러스(주),3.7,519,4,3.2,3.7,3.2,2.9,76,64,42
59375,(주)이글루코퍼레이션,2.7,516,2.3,2.7,2.5,2.8,2.1,29,30,9
69740,(주)신한디에스,2.6,503,2.4,2.7,2.4,2.6,2,25,31,15
20613,에스케이(주),3.6,501,3.5,3.7,3.8,3.2,2.8,65,61,29
78090,(주)마이다스아이티,3.3,497,3.8,2.4,3.1,3.5,2.7,58,51,37
86877,넥슨네트웍스(주),2.9,493,2.5,3.2,3.7,2.6,2.6,36,46,13
82790,(주)다우기술,3.4,487,3.3,3.4,3.3,3.2,2.8,63,54,31
90944,콘센트릭스서비스코리아(유),2.5,483,2.3,2.7,2.5,2.6,2,25,30,20
19566,엘에스산전(주),3.5,480,3,3.9,3.4,3,2.9,67,58,28
91387,(주)커리어넷,2.6,460,2.1,2.7,2.7,2.6,2.1,31,31,14
42722,나이스평가정보(주),3.4,457,3.6,3.6,3.2,2.5,2.6,58,47,32
57278,잡코리아(유),3.2,460,3,3.7,3.4,2.7,2.4,49,37,22
2065,한전케이디엔(주),3.3,453,3.1,3.5,3.1,3,2.8,57,57,27
5406,팅크웨어(주),2.8,445,2.1,3,2.8,2.7,2.2,25,41,9
50946,티시스(주),2.4,434,2.1,2.9,2.4,2.6,2,25,25,9
19363,에스케이엠앤서비스(주),2.9,432,2.4,3.5,3.1,2.6,2.5,34,48,13
60656,여기어때,2.9,422,3,3.2,3.1,2.7,2.4,42,46,32
61852,(주)와이즈스톤,2,421,1.5,2.5,2.4,2.3,1.8,11,22,8
78633,(주)롯데닷컴,3.1,416,2.7,3.2,3.4,2.6,2.7,41,46,15
90398,휴넷(주),3.4,44,3.3,3.5,3.3,3.2,3,52,68,41
19802,엔테크서비스(주),3.6,400,3.2,3.9,4,3.3,3.1,68,58,21
53778,(주)컴투스,3.1,395,2.9,3.3,3.2,2.9,2.5,50,41,22
56807,제로웹(주),2,389,1.7,1.9,2.4,2.6,1.8,14,26,19
83745,(주)네오위즈,3.3,387,3,3.7,3.6,2.9,2.7,54,54,19
20582,에스케이커뮤니케이션즈(주),3.1,387,2.8,3.8,3.7,2.7,2,24,28,4
67447,(주)아이파트너즈,2.4,371,1.7,3.1,2.2,2.5,2,27,23,8
34778,메가존(주),2.7,369,2.2,2.4,2.4,2.7,2.4,28,56,31
82999,(주)다나와,3.2,367,2.7,4,3,2.7,2.6,52,47,17
13637,(주)현대이지웰,2.4,367,2.2,2.9,2.7,2.2,1.9,27,23,22
9814,지오시스(유),2.2,367,1.7,2.6,2.2,2.4,1.7,15,19,15
67144,(주)아프리카티비,2.7,364,2.7,2.7,2.6,2.7,2.3,31,43,27
55388,(주)지에스아이티엠,2.6,362,2.1,2.9,2.5,2.6,2.1,22,35,14
78185,(주)링크프라이스,2.5,359,2.6,2.3,2.6,2.7,2.3,16,35,17
60502,(주)윈스,2.9,350,2.9,3.4,2.9,2.8,2.4,44,46,13
70072,신세계아이앤씨(주),2.9,350,3.4,2.9,2.6,2.4,2.5,37,51,19
332116,(주)써머스플랫폼,2.5,323,2.1,3.2,2.7,2.5,2.1,23,33,10
53227,케이지이니시스(주),2.1,339,1.8,2.6,2.3,2.2,1.7,21,25,23
58813,이씨이십일(주),2.4,333,1.9,2,2.7,2.8,2.2,22,32,13
311092,(주)브랜디,2.9,91,2.6,2.8,2.8,2.7,2.6,32,56,42
58863,(주)이스트소프트,3.3,329,2.9,3.6,3.3,3.2,2.7,52,47,18
7419,코나아이(주),2.3,329,2.3,2.2,2.2,2.6,1.8,18,34,23
50126,(주)포스코아이씨티,3,327,2.7,3.4,3.1,3,2.2,43,36,14
62227,오픈타이드코리아(주),2.7,322,3.3,3.1,2.5,2.7,1.9,32,30,16
68097,(주)아이뱅크,2.4,320,1.8,2.9,2.6,2.7,2,27,26,9
88341,씨엔티테크(주),2.6,318,2.3,2.8,2.6,2.6,2.4,27,45,19
42195,에스케이오앤에스(주),2.9,314,2.8,2.9,3,2.5,2.6,40,44,33
87215,(주)엠서클,2.4,314,2.5,2.9,2.5,2.1,1.9,24,16,15
90036,(주)미디어로그,2.9,311,2.8,3.4,2.8,2.7,2.3,42,33,14
81246,데이터스트림즈(주),1.7,312,1.5,1.8,1.7,1.8,1.5,12,13,8
3277,한국오라클(유),3.2,310,2.8,4,3.3,2.7,2.4,58,33,22
42796,나비스오토모티브시스템즈(주),2.4,308,3.2,1.6,2.6,2.2,2,24,36,22
18046,예스이십사(주),2.6,308,2.2,3.3,2.5,2.2,2,26,23,8
8893,(주)직방,3.1,298,3,3.4,2.9,2.9,2.8,45,61,43
20626,에스케이브로드밴드(주),3.4,295,3.6,3.6,3.4,2.8,2.8,56,50,24
21282,어니컴(주),2.2,292,1.8,2.6,2.2,2.4,1.9,13,25,5
60745,(주)웹젠,2.8,290,2.4,3.3,3,2.7,2.4,35,40,12
88675,인크루트알바콜(주),2.6,287,2.1,3.3,3.2,2.4,2.3,30,39,10
48511,(주)한글과컴퓨터,2.5,287,2.6,3.1,2.6,2.6,1.8,26,18,13
89015,한국지능정보사회진흥원,3.4,287,3.1,3.5,3.4,3.1,2.8,63,53,21
55808,줌인터넷(주),2.7,283,2.6,3.5,2.8,2.7,2,32,29,11
69467,(주)써스포,2.5,281,2,2.6,2.7,3.3,2.3,37,47,20
58317,(주)이카운트,2.8,281,3.5,2.6,2.8,2.7,2.4,34,46,33
21473,메타넷글로벌(유),3,279,2.7,2.1,3,3.3,2.6,40,38,22
309987,옐로오투오(주),2.1,279,1.9,2.2,2.5,2.4,1.9,14,23,11
86734,(주)펜타브리드,2.8,278,2.3,2.6,3.3,2.7,2.3,35,41,14
60634,(주)위메이드,2.4,276,2.6,2.4,2.5,2.4,1.8,21,23,11
86979,(주)디지털다임,2.7,273,2.2,3,2.7,2.7,2.3,32,56,12
85569,엔에이치엔커머스(주),2.6,272,2.7,3.3,2.6,2.6,2.2,32,41,18
90763,(주)와이드넷엔지니어링,2.4,270,2,3,2.5,2.6,2.2,20,33,3
42215,네이버시스템(주),2.5,269,2,2.7,2.7,2.8,2.2,25,33,11
67445,(주)아이패밀리에스씨,2.9,268,2.6,2.7,2.8,3.4,2.8,,,
7150,코오롱베니트(주),3.1,268,3.2,3.3,3,2.9,2.4,44,39,11
58388,(주)이지서티,3.9,37,3.5,3.8,3.9,4,3.7,,,
57709,(주)폴라리스오피스,3.1,263,3,3.2,3.2,2.9,2.1,33,23,10
92098,테스트이앤씨(주),2.5,262,2,2.7,2.5,2.5,2.3,16,34,5
85411,(주)골프존,3.2,260,3.6,3.7,3.1,2.8,2.4,49,51,20
75012,블루버드(주),2.6,258,2.6,2.2,2.4,2.7,2.2,29,43,18
82715,다음커뮤니케이션(주),3.6,257,3.1,3.7,3.8,3.2,2.8,73,68,45
321646,베스핀글로벌(주),2.7,257,2.3,3,2.7,2.7,2.2,35,57,32
68036,(주)아이비케이시스템,3,255,2.8,3.2,2.8,3,2.2,38,32,15
50599,(주)파수,3.2,251,3.1,3.5,3.3,3.2,2.3,48,38,16
4652,퓨렌스(주),2.8,251,3,2.5,3,3.1,2.6,43,43,35
89929,(주)코그,3.9,250,4,3.3,4,3.8,3.6,64,71,43
51319,(주)토마토시스템,2.9,249,2.6,2.4,2.7,3.2,2.5,41,54,24
206538,(주)오토소프트,2.1,248,1.8,3.5,2.4,1.9,1.9,10,22,5
68135,(주)드림어스컴퍼니,2.7,249,2.2,3.4,2.9,2.5,2.2,33,40,20
1315,현대엠엔소프트(주),2.9,247,3.3,2.5,2.7,2.8,2.3,36,45,27
91388,(주)제이슨그룹,2,246,2,2.6,1.8,2,1.8,17,28,17
88165,한국아이비엠테크니컬솔루션(유),2.7,246,1.9,3,3.1,2.9,2.1,27,26,7
66878,(주)알티캐스트,3.3,241,3.2,3.4,3.6,3,2.4,42,30,22
55407,(주)지어소프트,2.4,241,2.2,2.3,2.4,2.8,2,20,28,11
19441,(주)한컴엠디에스,3,240,2.7,3.5,3.2,3,2.4,45,34,22
53244,케이지모빌리언스(주),1.7,240,1.5,2.8,2,1.9,1.3,8,12,5
92264,(주)코이스,1.9,238,2.7,1.8,1.6,2.2,1.6,15,16,11
39530,대우정보시스템(주),2.7,237,2.2,2.4,2.6,2.8,2.1,24,30,13
3627,한국마이크로소프트(유),3.6,237,3.7,3.6,3.4,3.1,3,68,66,45
87161,(주)애드캡슐소프트,2.4,235,2.1,2.3,2.4,2.8,1.9,21,23,7
25501,슈어소프트테크(주),3,234,2.8,3.5,3.2,3.3,2.6,47,52,42
23640,쌍용정보통신(주),2.5,233,2.1,2.5,2.5,2.8,2,21,29,8
64495,엔디에스(주),2.5,231,2.1,2.9,2.5,2.6,2,25,27,9
19595,인베니아(주),2.9,233,2.8,2.7,2.9,2.9,2.4,29,38,24
37923,(주)디비아이엔씨,2.7,231,2.7,3.2,2.7,2.6,2.2,32,31,8
68399,(주)아사달,2.5,229,2.1,2.5,2.3,2.3,2.1,19,28,17
91850,유빈스(주),2.5,229,2,3.1,2.7,2.1,2.1,23,28,7
5099,페이레터(주),2.4,228,2.5,2.2,2.4,2.6,2,26,26,11
85782,게임빌(주),2.7,226,2.6,2.7,2.8,2.5,2.2,33,36,10
92170,(주)위민,3.3,222,3.3,2.9,3.7,3.3,3.4,48,66,44
56008,(주)조이시티,3.1,222,2.8,3,3.2,2.9,2.5,42,44,15
86149,가비아(주),3.4,222,3.6,4,3.4,3.1,3,66,67,28
53074,코난테크놀로지(주),2.5,222,2.2,3.4,2.5,2.6,1.9,23,26,8
87230,(주)연합뉴스,3.4,221,3.5,3.6,3,2.5,2.5,62,42,12
63920,(주)키위컴퍼니,2.2,220,2,1.9,2.1,2.3,1.8,15,31,15
70951,(주)스마일게이트엔터테인먼트,3.4,219,3.7,3.2,3.2,3,2.6,59,52,31
82997,다날(주),3.1,220,2.8,3.6,3.1,3,2.5,43,50,19
21724,알서포트(주),3,219,2.6,3.3,3,2.9,2.3,46,44,24
53285,케이원정보통신(주),2.1,219,1.7,2.7,2.2,2.1,1.9,11,14,7
13629,이지케어텍(주),3,218,3,2.5,2.7,3,2.7,45,66,34
87371,(주)컴파트너스,2.3,218,2.2,3,2.5,2.2,2.1,18,33,8
86890,디케이서비스(주),2.5,216,1.9,3.7,3.4,2.3,2.4,22,41,15
89257,(주)위즈그룹,1.6,215,1.3,1.6,1.7,2.1,1.3,6,7,3
20556,에스코어(주),3.2,215,3.2,3.4,3.2,3,2.6,47,49,20
20021,에임시스템(주),2.9,215,2.9,2.9,2.9,3.1,2.2,31,34,11
350836,(주)우리요,3.7,214,3.9,4.4,4,4.1,4,87,88,86
309507,(주)비바리퍼블리카,3.5,213,4.2,2.2,3.3,3.5,3.3,56,76,67
74312,(주)비트컴퓨터,2.3,212,1.9,2.5,2.4,2.4,2,17,28,9
52521,(주)콤텍시스템,2.9,212,2.4,2.8,2.7,2.9,2.3,37,38,17
83345,(주)녹십자헬스케어,2.1,213,2,2.8,2.2,2.1,1.9,29,25,23
25446,더핑크퐁컴퍼니(주),2.7,211,2.8,2.9,3,2.7,2.2,40,40,37
74946,(주)크래프톤,3.4,210,3.4,3,3.6,3.1,3,61,57,39
87795,대보정보통신(주),2.4,206,2,2.6,2,2.3,1.9,18,23,7
85051,(주)그라비티,2.4,204,2.5,3.4,2.3,2.1,1.8,20,12,6
14219,이니텍(주),2.4,204,2.4,2.7,2.5,2.4,1.9,18,27,6
59018,(주)이모션글로벌,2.6,204,2.1,2.5,2.7,2.5,2.3,25,47,10
313528,와디즈,3,203,2.7,2.5,3.4,3.2,2.5,39,55,35
7735,케이씨씨정보통신(주),2.7,200,2,2.5,2.9,3,2.2,27,34,8
86736,(주)미디어윌네트웍스,2.2,199,2.1,2.7,2.2,2.3,1.9,22,28,15
89212,(주)엘솔컴퍼니,2.5,199,2.9,3.1,2.8,2.9,2.1,27,31,22
86875,네오싸이언(주),2.1,199,1.9,3,2.1,2,1.7,16,13,4
71435,소리바다(주),2.4,199,2.3,3.1,2.6,2.5,1.7,14,16,3
48785,엔에이치엔한국사이버결제(주),3,199,2.5,3.5,2.8,2.8,2.6,40,49,36
15610,웹케시(주),2.9,199,2.9,2.9,2.8,2.5,2.3,39,47,18
311695,(주)타이탄플랫폼,1.9,194,2.4,2.2,2,2.3,1.7,19,23,19
5079,펜타시큐리티시스템(주),3,194,2.7,3.2,3.2,3.1,2.6,39,42,25
15160,유비벨록스(주),2.5,193,2.1,2.6,2.5,2.7,2,22,28,9
86109,(주)가온아이,2.5,192,2.1,2.4,2.4,2.8,2.1,22,32,11
50181,(주)카카오엔터테인먼트,3.2,191,3.1,3.2,3.3,2.8,2.6,53,58,52
67707,(주)아이온커뮤니케이션즈,2.8,188,2.4,3,3,2.9,2.4,26,39,14
87234,(주)예스콜닷컴,2.8,188,2.8,3.1,3.1,2.8,2.7,29,48,22
2431,한솔인티큐브(주),3,189,2.9,3.3,3.4,3,2.4,38,38,7
79435,(주)디지틀조선일보,2.6,187,2.3,3.1,2.6,2.4,2.2,27,30,6
89438,(주)바이널씨,2.8,187,2.4,2.3,2.8,3,2.4,47,50,17
60033,(주)유비케어,2.9,186,2.6,3.2,3,2.6,2.5,42,50,26
90306,(주)이트라이브,2.3,186,2,2.3,2.4,2.4,2.2,18,44,13
66184,(주)에쓰씨케이,2.8,185,2.8,2.9,2.8,2.9,2.4,31,49,11
89452,(주)스포티비,1.7,184,1.4,1.6,2.1,2,1.5,10,19,14
55621,(주)지니,1.8,184,2.2,2.1,1.8,2.1,1.7,13,22,12
44566,구글코리아(유),4.3,184,4.4,4.2,4.5,4,4,89,83,79
22640,아시아나아이디티(주),2.9,184,2.8,3.3,2.7,2.7,2.1,33,39,4
39795,대신정보통신(주),2.5,183,2.6,2,2.2,2.9,2.1,26,35,19
67768,(주)아이엠비씨,2.6,182,2.7,3.7,2.9,2.2,2.1,30,25,7
20546,에스큐아이소프트(주),3.1,182,2.7,3.3,3.1,2.8,2.6,42,44,17
13056,인포뱅크(주),2.9,182,2.9,3.2,3,2.7,2.4,42,46,5
319711,(유)미소,2.8,181,2,2.1,3.1,3.1,2.8,39,56,47
60629,(주)위버스마인드,2.8,181,2.6,2.9,3.1,3,2.7,39,54,33
316739,(주)하이퍼커넥트,3.1,181,3.6,3.9,3.1,2.9,2.3,52,43,35
2985,한국통신인터넷기술(주),2.5,180,1.9,3,2.6,2.5,2,17,24,3
85041,(주)곰앤컴퍼니,2.4,179,2,3.3,2.4,2.7,1.9,21,28,8
87353,(주)진학사,3.4,179,3.3,3.5,3.5,2.8,2.8,62,57,21
53909,(주)캐스트이즈,2.7,178,2.5,3.5,3.1,2.8,2,28,29,9
99116,(주)푸드나무,2.7,177,2.4,2.4,2.4,2.8,2.7,31,60,45
63065,(주)영림원소프트랩,2.9,176,3.2,3.2,3.1,2.6,2.3,40,51,19
90824,(주)싸이버원,3.1,175,2.4,3.4,3.2,3.1,2.5,48,45,16
36253,디케이유엔씨(주),2.5,174,2.3,3.1,2.6,2.5,2.3,27,51,7
339331,메가존클라우드(주),2.7,175,2.1,2.8,2.5,2.8,2.4,40,51,48
53658,케이비데이타시스템(주),3.2,174,2.9,3.6,3,3.2,2.2,41,37,24
71198,(주)솔트룩스,2.8,173,2.7,2.8,3,3,2.5,42,56,32
49572,(주)플립커뮤니케이션즈,3.1,173,2.6,3,3.1,3.1,2.6,48,57,25
32559,뱅크웨어글로벌(주),3,173,3.3,2.4,2.9,3.2,2.8,48,68,39
70309,(주)시큐아이,3.1,172,3.3,3.2,2.9,2.8,2.4,53,48,17
93303,(주)오케이몰,3.7,172,3.8,3.3,3.6,3.6,3.3,67,70,70
77891,매그넘빈트(주),2.7,172,2.5,2.7,2.4,2.8,2.4,31,51,19
82718,(주)바이브컴퍼니,3.1,173,2.7,3.6,3.1,3,2.7,46,53,38
64153,(주)엔텔스,2.8,171,2.7,3,2.6,2.9,2.5,40,59,21
91845,미래아이콘(주),2.9,171,3,2.5,3.3,3.2,2.7,36,53,37
91085,스카우트(주),2.7,171,2.3,2.7,2.8,2.7,2.5,25,37,15
48340,한빛소프트(주),2.5,171,1.9,3,2.6,2.3,1.9,22,25,6
90389,(주)농협정보시스템,3,170,3.5,2.9,2.3,2.9,2.1,47,24,15
69223,(주)씨디네트웍스,3,170,2.7,3.9,3.2,2.5,2.2,38,21,12
89459,나무커뮤니케이션(주),2.7,170,2.5,3.4,2.9,2.7,2.3,25,42,11
77294,(주)모니터랩,2.2,172,2.1,2.5,2.4,2.4,2,20,29,18
117533,한국지역정보개발원,2.6,169,2.7,3.1,2.3,2.1,2.1,30,23,21
119512,(주)쿠프마케팅,2.2,167,2,2.2,2.2,2.6,2,20,45,20
57391,(주)잉카인터넷,2.7,166,2.2,3.2,2.9,2.7,2.1,22,33,8
321539,(주)마인즈랩,1.9,165,2.5,2.2,2.4,2.5,1.6,19,21,20
309392,엔카닷컴(주),3.5,165,3,4,3.6,3.3,2.9,56,55,42
342151,틱톡,2.8,165,2.5,2.2,2.7,2.6,2.4,51,52,45
89324,(주)에티버스,2.6,164,2.1,3,2.5,2.5,2.4,29,40,11
15001,유엔젤(주),3.1,164,3.1,3.2,2.8,2.9,2.3,41,51,7
87302,이퓨전아이(주),2.3,163,1.6,3.4,2.4,2.5,1.9,20,18,7
310863,(주)레뷰코퍼레이션,2.9,162,2.8,3.5,3.2,2.4,2.4,38,42,19
80172,드래곤플라이(주),2.1,161,2.7,2,1.9,2.3,1.7,8,20,6
3715,한국내쇼날인스트루먼트(주),3.3,161,3.5,3.7,3.4,3,2.6,53,48,16
64576,(주)엑셈,3.3,160,3.4,3.4,3,3.2,2.5,53,53,22
64898,에이텍(주),2.6,160,2,2.6,2.6,2.7,2.2,28,32,20
1323,현대에이치디에스(주),3.1,160,3.1,3.7,2.9,2.3,2.2,54,28,6
85455,(주)골드넥스,2.6,159,2.2,2,3.1,3.2,2.3,25,44,23
91094,굿어스(주),3.1,159,2.7,3,3,3.1,2.6,40,47,15
57691,인피니트헬스케어(주),2.9,159,2.3,3.6,2.8,2.7,2.4,38,54,8
44272,굿모닝아이텍(주),3.1,158,3.4,2.7,2.7,3.4,2.6,48,64,29
88638,이데일리(주),2.8,158,2.5,3.5,2.9,2.5,2,36,29,8
2153,한일네트웍스(주),2.8,158,2.4,3.3,2.7,2.7,2.4,32,38,11
83846,네비웍스(주),2.2,156,2.2,2,2.3,2.2,1.8,14,24,9
37579,동양네트웍스(주),2.6,155,2.3,2.8,2.8,2.6,1.7,15,15,7
20860,에스에이피코리아(주),3.9,155,3.8,3.8,3.9,3.4,3.2,83,67,31
94195,(주)무브게임즈,2.1,153,2.1,2.6,2.3,2.2,1.7,24,27,21
67013,(주)알앤비소프트,3,152,2.7,2.9,2.9,3.2,2.6,37,49,14
51202,(주)투비소프트,2.8,152,2.5,3.5,2.9,2.6,2,32,19,13
50513,(주)파이오링크,3.3,152,2.8,3.8,3.4,3.4,2.8,61,63,28
323412,더화이트커뮤니케이션(주),2.5,152,2.2,3,2.5,2.5,2.3,29,58,27
3601,한국모바일인증(주),2.7,152,2.9,2.8,2.4,2.9,2.4,51,59,39
350142,(주)엠에스티씨,2.5,154,2.5,3,2.6,2.4,2.4,36,40,24
58270,(주)이테크시스템,2.6,151,2.2,2.6,2.5,2.7,2.1,25,33,17
49536,(주)피씨엔,2.4,151,2.2,2.5,2.6,2.3,2.1,27,42,11
25500,슈어엠(주),2.2,152,2.3,2.4,2.6,2.4,1.8,20,20,16
87151,아이피그룹(주),2.3,151,2.2,3.4,2.1,2.2,2,19,34,6
60747,(주)웹이즈,2.3,150,2.2,2.1,2.4,2.5,1.9,15,21,11
60695,위니텍(주),2.8,149,2.3,2.4,2.9,3.1,2.3,31,43,17
59062,이루온(주),2.5,149,2.3,2.1,2.4,2.8,2.1,14,22,11
7598,케이엘정보통신(주),2.4,149,2,2.2,2.3,2.9,2.1,18,26,18
70710,(주)스터디맥스,2.7,148,2.7,2.8,3,3,2.6,38,47,28
87187,(주)에이에스피엔,3,147,2.5,3.3,3.2,3.2,2.5,48,54,19
64450,(주)엔비티,2.4,147,2.7,2.5,2.7,2.4,2.1,25,28,17
33682,미디어젠(주),2.3,147,2.2,2.3,2.4,2.3,2,31,42,15
68221,아이덴티티게임즈(주),2.6,147,2.8,3,2.8,2.4,1.9,22,16,5
144029,디비에프아이에스(주),2.6,146,2.7,3.2,2.8,2.5,2,35,30,8
81379,(주)더크림유니언,2.4,145,2,2,2.6,2.6,2.2,20,34,12
274512,(주)얍컴퍼니,2.7,144,2.4,3.7,2.9,2.9,2.2,29,40,26
2026,한진정보통신(주),3,143,2.9,3.9,2.6,2.7,2.1,51,26,7
51306,토비스(주),2.8,142,3.1,2.4,2.5,2.5,2.2,35,56,16
68339,(주)아스템즈,2.5,141,2,2.9,2.7,2.6,2.1,21,30,6
47084,(주)후이즈,2.8,141,2,3.8,2.8,2.5,1.9,31,23,13
16738,우리에프아이에스(주),3.9,141,4.4,3.8,2.9,3.3,2.7,77,38,21
3128,한국정보통신(주),3.4,141,3.7,3.7,2.7,2.6,2.6,62,47,16
69533,싸이버로지텍(주),3.2,140,3.6,3.9,3.2,2.6,2.1,51,23,22
89928,(주)옐로모바일,2.3,139,2.4,2.7,2.8,2.5,2.1,23,16,29
50422,(주)판도라티비,2.8,139,2.5,3,2.9,2.7,2.3,32,39,18
36119,라온시큐어(주),3.4,139,3.2,3.8,3.6,3.1,3,59,62,35
54769,(주)진코퍼레이션,2.6,138,2,3,2.5,2.7,2.2,26,46,15
1401,에이치엔아이엔씨(주),2.7,138,2.4,3,2.4,2.7,2.2,23,36,18
91935,(주)팍스넷,2,137,1.8,3.2,1.9,2,1.4,9,11,2
314301,(주)샌드박스네트워크,3.5,136,3.1,3.6,3.6,3.4,3,65,68,50
63722,(주)엠로,3.1,136,3.2,2.3,2.9,3.4,2.8,40,73,26
317935,(주)레진엔터테인먼트,2.9,135,3.3,3.3,3,2.7,2.2,39,37,14
31243,블리자드엔터테인먼트(유),2.8,135,3,3.5,3.3,2.2,2.2,34,34,12
74848,비스텔(주),3.5,135,2.8,3.9,3.5,3.2,2.9,55,76,33
71429,(주)소만사,3.2,135,3.3,2.8,2.9,3.3,3,47,77,37
64559,엑스엘게임즈(주),3.2,134,2.9,3.6,3.3,2.7,2.6,42,55,16
5897,테크빌교육(주),2.7,134,2.3,3,2.8,2.6,2.1,29,39,7
1983,한화에스앤씨(주),3.2,134,3.4,3,2.7,2.7,2.6,55,54,23
70310,(주)시큐브,2.5,133,2.1,2.9,2.3,2.7,2.1,24,41,13
64041,(주)엘루오씨앤씨,2.7,133,2.2,2.8,2.7,2.4,2.5,29,57,19
78213,(주)링네트,3.2,132,3,2.5,2.7,3.3,2.6,47,49,36
64196,(주)엔키아,2.6,132,2.4,3,2.9,2.6,2.1,35,32,15
95031,(주)엠스텍,2.1,132,1.8,2.6,2.2,1.8,1.9,8,24,2
317304,(주)티맥스데이터,3,131,3.6,2.7,3,3.1,1.9,46,27,24
91091,(주)와이드모바일,2.5,130,2.6,2.9,2.5,2.4,2.2,23,35,18
47027,(주)휴머스온,3,130,3,2.7,2.8,2.9,2.1,36,31,25
42216,네이버클라우드(주),4,130,4.2,3.3,3.7,3.6,3.5,80,86,65
77976,마크애니(주),2.6,130,2.8,2.9,2.5,2.6,1.7,25,28,8
63752,엠게임(주),2.5,130,1.7,3,2.7,2.4,1.8,19,19,1
61788,와치텍(주),3,130,2.6,2.5,2.9,3.3,2.6,43,51,32
91499,하이브랩(주),2.7,130,2.7,2.4,3.3,2.7,2.5,33,56,22
1275,현대정보기술(주),2.5,130,2.3,2.1,2.5,2.8,2.1,19,46,8
75104,(주)브리지텍,2.5,128,2.4,2.2,2.6,2.7,2.2,23,38,16
94672,(주)아이티센,3,128,2.7,2.8,2.8,3.1,2.6,39,58,32
91950,(주)와일리,2.3,128,1.9,2.1,2.4,2.7,2,22,30,13
89209,(주)인벤,2.4,128,2,3,2.9,2.1,2,20,22,13
53492,(주)케이에스넷,3.1,128,3,4.2,3.3,3.1,2.5,49,36,16
70599,스포카(주),3.3,128,2.5,3.7,3.8,3.1,3.1,55,71,39
68978,씨에이에스(주),2.1,128,1.8,2.3,2.2,2.4,1.8,13,22,9
60596,위자드랩(주),2.1,128,1.8,2.5,2.4,2.3,1.9,12,28,5
62243,(주)오픈베이스,2.9,127,2.4,2.3,3,3.2,2.5,38,53,13
61984,(주)와이디온라인,2.1,127,2,2.5,2.6,2.3,1.8,10,27,3
21126,에릭슨엘지(주),3.1,127,2.9,4,3.6,2.6,2.3,50,45,14
55717,중외정보기술(주),2.1,127,2,2.6,2.5,2.3,1.8,13,24,6
84129,(주)나온소프트,2.8,126,2.7,2.4,2.3,3,2.2,37,32,27
57970,(주)인젠트,2.8,126,2.3,2.8,2.9,3,2.2,37,47,26
87979,메가넥스트(주),2.7,126,2.2,3.3,2.8,2.7,2.4,26,43,10
20078,에이케이아이에스(주),2.6,126,2.8,3.1,2.7,2.7,2.2,33,39,14
87390,콤텍정보통신(주),2.7,126,2.1,2.6,2.7,2.7,2.2,33,35,13
13931,이씨플라자(주),2.4,125,1.8,3.3,2.7,2.4,2.3,7,32,4
6858,크리스피드(주),2.7,125,2.5,2.1,2.9,3.2,2.4,30,39,31
89263,(주)매경닷컴,2.5,124,2,3.4,2.4,2.1,2.1,22,25,3
323402,(주)집토스,2.3,124,2.1,2.5,2.4,2.6,2.1,25,48,23
79338,딜리(주),1.8,124,2.5,1.3,1.5,2.2,1.5,10,21,10
60620,(주)위세아이텍,2.4,123,2,2.4,2.6,2.7,2.2,22,40,16
89797,두산정보통신(주),3.2,123,3.4,4,3.4,3,2.4,51,41,10
36112,라온피플(주),2.4,123,3,2,2.2,2.6,2.1,23,52,22
70707,스테이션3(주),2.8,124,2.3,4,2.7,2.8,2.5,36,43,24
7550,케이웨더(주),2.2,123,1.7,3.5,2.4,2.4,1.6,15,19,13
74132,(주)사이버다임,2.3,122,2.5,2.2,2.4,2.5,2,18,23,14
321262,(주)중고나라,2.8,122,2.8,3.4,2.9,2.8,2.3,31,38,25
92829,시스게이트(주),2.4,122,1.9,2.5,2.5,2.2,2.2,12,26,2
90021,아이템베이(주),2.4,123,2.6,3.5,2.6,2.3,2,24,31,1
60601,위엠비(주),2.8,122,2.5,2.6,2.9,2.9,2.3,30,57,12
13297,(주)인성정보,3.1,121,3,3.1,2.7,3.1,2.5,48,64,13
95564,코코네(주)(영업소),2.2,121,2.3,2.4,2.7,2,2,25,43,20
49219,하나아이앤에스(주),2.3,121,2.1,2.5,2.4,2.1,1.9,17,41,28
77178,(주)모비젠,3.2,120,2.8,3.4,3.3,3,2.7,50,51,23
71197,(주)에이트원,1.8,120,1.6,1.9,2,1.9,1.6,11,22,13
60049,(주)유비온,2.9,120,2.3,3.5,3,2.7,2.6,43,60,17
49589,(주)플레이오토,2.5,120,2.5,3.7,3.2,2.7,2.2,32,39,13
26098,소프트캠프(주),2.7,120,2.5,3,2.7,2.7,2.2,28,40,16
68745,(주)씨케이앤비,2.1,119,1.7,2.4,2.2,2.5,1.7,20,21,20
59775,(주)유웨이어플라이,2.5,119,2.1,3.1,2.5,2.3,2,21,32,7
57680,인픽스(주),3.1,119,2.4,3.1,3.1,3.2,2.8,45,58,26
58264,(주)이토마토,2,118,2.3,2.2,2.1,2.3,1.5,12,14,4
52828,(주)코비젼,2.9,119,2.9,2.4,2.8,3.1,2.4,33,47,22
14721,유플리트(주),2.3,118,1.8,2.1,2.3,2.5,2,25,33,18
51271,(주)토탈소프트뱅크,2.5,117,2.1,2.9,2.8,2.6,2.1,37,22,8
31364,브레인즈컴퍼니(주),2.9,117,2.8,3,2.9,3,2.6,43,52,25
89579,세종텔레콤(주),2.3,117,2.8,2.6,2.2,2.1,1.9,21,26,5
89330,아마존웹서비스,3.9,117,3.6,2.9,3.8,3.5,3.2,74,77,81
3169,한국자산평가(주),3.2,117,2.4,4,3.5,3.3,2.4,50,30,20
83230,(주)누리플렉스,2.8,116,2.5,3,2.6,2.9,2.4,32,45,31
79413,(주)디케이아이테크놀로지,2.7,116,2.2,2.6,2.5,3,2.3,26,35,16
90431,데브시스터즈(주),3.8,116,4.1,3.3,3.8,3.3,3.2,68,60,40
352810,(주)빗썸코리아,2.8,115,3.8,2.5,2.4,2.9,2.2,40,36,34
92061,(주)유디아이디,2.8,115,2.8,3.5,2.5,2.8,2.3,34,37,23
60171,유라클(주),3,115,2.9,2.8,3,3.1,2.6,41,57,26
83472,(주)넷앤드,2.8,114,2.8,2.5,2.9,3.4,2.7,33,56,24
30834,비플라이소프트(주),2.3,114,1.8,3.1,2.4,2,1.9,19,25,7
22149,아이헤이트플라잉버그스(주),3.2,115,3,2.7,3.5,3.3,3,57,70,54
91886,(주)디파이,3.2,113,2.5,2.6,2.8,3.1,2.7,57,58,31
99091,(주)라이클,2.4,113,1.9,3.3,2.6,2.6,2.1,21,27,12
50291,(주)펀엔씨,2.3,115,2.4,3,2.5,2.5,2.1,28,39,28
92951,(주)플랜아이,3,113,2.4,3.6,3.2,2.5,2.8,50,68,35
83677,네오플(주),3.8,113,4.1,3.6,3.4,3.1,2.9,73,47,25
77205,모바일리더(주),2.9,113,2.5,3.4,3.1,3,2.3,40,31,13
89423,이음소시어스(주),3.2,113,2.8,3.5,3.4,3.2,2.5,39,37,33
72805,(주)선데이토즈,3.4,112,3.2,4,4,2.7,2.9,63,58,13
322798,(주)아이콘루프,2.3,112,2.3,3.2,2.5,2.2,1.8,27,34,20
23399,씨앤토트플러스(주),2.1,112,1.8,2.8,2.3,1.9,1.8,10,23,2
93844,(주)생각연구소,3,111,3.6,2.2,3,3.3,2.7,46,52,46
93674,넷마블몬스터(주),2.6,111,3,2.8,2.7,2.3,2.2,32,45,16
86999,리파인(주),2.5,111,2.9,2.4,2.5,2.4,2.8,22,61,26
79634,(주)셀바스에이아이,2.8,110,3,3.1,2.9,2.7,2.2,32,38,16
49266,(주)핑거,2.7,110,2.7,2.2,2.7,3.1,2.3,32,66,25
87526,(주)헬로인사,2.2,110,2,2.3,2.1,2.1,1.9,24,24,7
3018,한국콩스버그마리타임(주),2.8,110,2.5,2.9,2.9,2.6,2,40,35,14
92376,(주)오파스넷,3.4,109,2.9,3.2,3.4,3.4,2.9,56,60,41
58231,(주)이포넷,2.9,109,2.7,2.6,3.2,3.1,2.8,40,53,25
46144,갤럭시아머니트리(주),2.4,109,2.2,3,2.3,2.5,2.1,22,40,6
42077,노아에스앤씨(주),1.9,110,2.3,1.8,1.9,2.8,1.6,14,21,8
84909,(주)그린웍스,2.2,108,1.9,1.9,2.3,2.5,1.9,17,26,18
77742,맵퍼스(주),3,108,2.5,3.4,2.8,2.7,2.3,40,45,19
21062,에스넷시스템(주),2.9,108,2.4,2.7,2.8,3.1,2.5,39,42,22
79600,(주)디유넷,2.8,107,1.9,3.6,3.2,2.9,2.6,31,38,2
82683,(주)엔에이치엔다이퀘스트,3,107,2.4,3.6,3.4,3.1,2.5,48,41,13
57744,(주)여보야,1.8,106,2.3,1.8,1.6,2,1.4,11,10,8
47780,(주)핸디소프트,2.4,107,2,2.7,2.6,2.5,1.9,12,21,5
19488,엘지히다찌(주),2.5,107,2,2.6,2.2,2.6,1.9,25,26,8
276354,(주)뱅크샐러드,3,40,3.4,3,3.1,3,2.4,40,48,25
53776,(주)컴트루테크놀로지,2.4,106,2.1,2.4,2.8,2.5,1.8,17,21,7
317522,(주)탑코,2.2,106,2.5,2.4,2,2.1,2,22,38,23
50484,(주)파인원커뮤니케이션즈,2.7,106,2.2,2.6,2.9,2.8,2.1,24,29,5
86783,잡플래닛,3.8,106,3.4,4.2,3.8,3.4,3.7,,,
89445,이랜드시스템스(주),2.8,105,3.1,3.1,3,2.1,2.3,28,33,12
49816,퓨즈(주),2.2,106,1.8,2.1,1.9,2.9,1.8,15,29,9
83656,(주)네이블커뮤니케이션즈,2.6,104,2.5,2.7,2.7,2.9,2.4,27,55,10
44592,교보정보통신(주),2.9,104,2.7,2.8,2.8,3.2,2.6,45,53,15
20655,에스지에이(주),2.5,103,1.8,3.1,2.6,2.5,2,16,31,6
321685,(주)와그,2.2,102,2.2,2.3,2.3,2.3,2,26,30,28
59538,(주)유호스트,2.5,102,1.9,2.6,2.5,2.4,2,14,27,5
83261,누리미디어(주),2.9,103,3.3,2.3,2.7,3.3,2.6,30,53,31
50189,평화이즈(주),2.8,102,2.6,3.2,2.8,2.9,2.3,32,33,13
74828,(주)비아이매트릭스,2.9,101,2.8,2.7,2.5,3,2.4,37,47,33
201986,(주)앱코,1.7,101,1.7,2.1,1.9,2.5,1.6,11,18,14
66100,(주)에스아이티,2.7,101,3.6,2,2.2,3,1.9,28,27,15
94627,네티브(주),2.3,102,2.1,2.4,2.1,2.6,1.9,32,30,12
74722,비에스지파트너스(주),2.8,101,1.9,3,3,3.2,2.4,39,45,20
88153,삼양데이타시스템(주),2.4,101,2.3,2.6,2.2,2.3,2.3,25,40,8
5080,펜타시스템테크놀러지(주),3.3,101,2.6,3,3,3.3,3.2,54,66,14
321118,(주)마이셀럽스,3,100,3.2,3.1,2.9,3.1,2.6,45,57,40
77489,(주)메트릭스코퍼레이션,2.8,100,2.2,2.7,2.7,3,2.5,27,48,22
314563,(주)어스얼라이언스,2.5,100,2.2,2,2.8,3.2,2.3,25,41,30
91050,(주)에이디앤스타일,2.4,100,2.2,2.8,2.5,2.3,2.1,19,34,6
53555,(주)케이아이엔엑스,2.9,101,3.4,3,2.8,2.6,2.5,48,45,33
231551,(주)포비즈코리아,2.3,100,2.4,2,2.4,2.7,2,32,35,29
42214,네이버아이앤에스(주),2.4,100,2.9,2.2,2.6,2.2,2.1,26,34,17
90354,디자인커뮤니케이션(주),1.2,100,1.2,1.3,1.4,1.5,1.3,1,5,1
59525,(주)윤디자인그룹,2.2,99,1.7,2.4,2.4,2.1,1.5,19,22,7
58816,(주)이씨오,3,99,2.2,3.3,3.1,2.7,2.6,32,59,17
308865,(주)티쿤글로벌,2.3,100,2.3,3.3,2.2,2.8,1.9,27,27,25
38433,델인터내셔널(주),3.4,99,3.3,3.3,3.4,3.2,2.9,69,63,43
22094,아지앙스코리아(주),2.8,99,2.3,3.6,3.3,3.3,2.6,42,46,22
21275,어드밴텍케이알(주),2.5,99,2.3,3.2,2.5,2.6,1.8,31,18,24
19853,엔쓰리엔(주),2.2,99,2,3.3,2.4,2.4,1.7,16,13,15
4267,필아이티(주),2,99,1.9,2.5,2.2,2.2,1.8,8,11,4
87197,(주)에코시안,3,98,2.4,2.6,3.4,3.3,2.8,41,74,35
57738,(주)인포바인,2.1,98,2,2.7,2.2,2,1.7,20,19,9
12945,일렉트로닉아츠코리아(유),3.6,98,3.9,3.8,3.7,2.5,2.6,62,55,28
89973,코너크리에이티브(주),2.3,98,2.2,1.7,2.3,2.9,1.9,31,31,23
80423,(주)동훈아이텍,2.5,97,2.1,2.9,2.8,2.9,2.1,27,32,15
96968,(주)대우루컴즈,2.7,96,2.2,3,2.6,2.8,2.3,26,44,20
321180,(주)스마트스코어,2.1,96,2,2.4,2,2.2,1.8,23,24,25
67866,(주)아이에스에프넷코리아,1.9,96,1.4,2.1,2,1.7,1.6,4,19,--
55593,(주)지란지교소프트,3.3,96,2.9,3.7,3.4,3,2.9,57,59,27
34627,메타빌드(주),2.9,96,2.4,2.6,2.6,3,2.2,34,46,27
75149,브레이브이노베이션(주),1.9,96,1.8,1.3,2.1,2.5,1.6,8,14,10
62526,오비고(주),3.2,96,2.9,3.5,3.4,2.9,2.7,48,61,25
78559,(주)루키스,2,95,2,1.9,2.1,2.2,1.8,15,24,6
73948,(주)삼보컴퓨터,2.8,95,2.3,3.2,2.8,2.4,2.3,26,35,11
285847,(주)에이텍시스템,2.4,95,1.9,2.8,2.3,2,1.8,9,24,9
6881,(주)카카오스타일,3.3,96,3.3,3.5,3.4,3,3,56,67,39
322659,(주)트릿지,3.5,95,3.2,2.6,3.2,4,3.2,57,68,56
82617,다하미커뮤니케이션즈(주),2.3,95,2,3.1,2.1,2.4,1.9,24,25,12
50942,티쓰리엔터테인먼트(주),2.2,95,2,2.8,2.3,2.1,1.6,14,11,2
50923,티아이스퀘어(주),2,95,1.9,2,2,2.3,1.6,11,14,7
89108,현대 유엔아이(주),2.6,95,3,3.6,2.4,2.6,2,33,18,4
69165,(주)씨아이솔루션,2.6,94,2,2.7,2.6,2.7,2.3,23,28,9
38342,도시바삼성스토리지테크놀러지코리아(주),2.9,94,3.8,3.9,3.6,3,1.6,17,10,2
93130,이노스닷컴(주),2.7,94,3.1,2.2,3.1,3.2,2.7,26,41,35
5838,텔코웨어(주),2.9,94,2.9,2.9,3,2.6,2.1,38,30,10
49770,프람트(주),2.6,94,2.3,2.1,2.7,3.1,2.3,26,24,12
92656,(주)소셜뉴스,2.3,93,2,3.1,2.5,2.4,1.8,18,15,9
11084,(주)제페토,3,93,2.7,3.9,3.1,2.6,2.4,40,38,14
90053,(주)크몽,3.7,93,3.3,4.2,3.7,3.4,3.3,72,75,56
349602,(주)티디아이,2.2,94,2.3,2.3,2,2.4,2.2,,,
61002,월급날(주),2.7,93,2.2,2.8,2.5,2.5,2.4,33,46,10
60674,위두커뮤니케이션즈(주),2.3,93,1.9,2,2.6,2.6,2,18,28,15
60546,위지언(주),2,93,2.2,1.5,2,2.6,1.8,16,26,15
74056,(주)산하정보기술,2.7,93,2.2,2.9,2.5,2.8,2.4,35,42,27
323758,(주)아이엠폼,2.4,92,1.9,2.6,2.5,2.8,2.2,22,47,25
60212,(주)유니포인트,2.5,92,2.1,2.9,2.8,2.9,2.2,30,25,14
59734,(주)유젠,3,92,2.5,2.9,3.1,2.8,2.6,46,47,21
313558,(주)테라핀테크,3.2,77,3.5,3.8,3.8,3,3,40,50,27
51015,(주)트윔,2.6,92,2.5,2.3,3.2,3.1,2.5,35,50,47
48761,(주)티머니,3.3,92,3.7,4.1,2.8,2.9,2.3,58,34,21
15324,유니챌(주),2.4,92,2.3,2.8,2.6,2.7,2,25,35,18
65973,(주)에스에스알,3,92,2.4,3,3.2,3.3,2.4,39,41,22
52769,(주)코스콤,3.8,91,4.3,4.2,3,3,2.6,74,45,20
72802,선도소프트(주),2.6,91,2.6,2.4,3.1,3,2.3,25,49,11
67665,아이젝스(주),1.9,91,1.7,1.7,2.1,2.7,1.7,13,18,8
58111,인버스(주),2.5,91,2.3,2.2,2.2,2.9,2.1,18,18,4
7105,코츠테크놀로지(주),2.5,91,2.5,1.7,2.4,2.8,2,21,35,15
90171,(주)스마트인피니,2.3,91,2.4,2.5,2.6,2.6,1.8,19,14,12
344836,(주)시티랩스,3.1,68,3.1,3.1,3.2,3.2,3,49,60,50
57191,(주)재능이아카데미,1.9,91,1.7,2.8,2,2.1,1.7,11,30,2
39753,대아티아이(주),2.6,90,2.3,2.2,2.3,2.7,2.1,26,36,30
89394,번개장터(주),3.3,90,2.8,3.9,3.4,3.2,3,57,68,51
67762,아이엠씨게임즈(주),2.8,90,2.1,3.5,2.9,2.6,1.9,28,33,7
89804,퍼스트데이터코리아(유),1.8,90,2.2,2,2,2.1,1.7,21,26,8
91416,(주)밸로프,2.2,89,1.7,2.5,2.1,2.3,1.8,21,23,18
42063,노츠(주),2,89,1.6,2.1,2.3,2.2,1.8,4,21,2
67598,아이퀘스트(주),2.1,89,2.2,3,2.1,2,1.9,17,35,12
66886,알티베이스(주),3.2,89,3.3,4.1,3.5,2.9,2,39,43,15
58502,이와이드플러스(주),2.1,89,1.8,2.2,2.1,2.5,2,13,32,6
9696,지티원(주),2.5,89,2.7,2.3,2.4,3,1.9,21,31,11
325101,(주)다산네트웍솔루션즈,1.9,88,1.6,2.3,2.3,2.1,1.5,13,16,8
80222,(주)두잇시스템,2.6,88,1.9,2.9,2.6,2.5,2.3,27,33,3
274319,(주)버킷플레이스,3.8,88,3.4,2.8,3.9,3.4,3.5,68,84,73
92851,(주)산업마케팅,3,88,2.7,2.7,2.8,3.6,2.9,55,63,55
66682,(주)액토즈소프트,2.4,88,2.4,3.3,2.5,2.2,1.7,20,10,3
55194,(주)지오투정보기술,2.9,88,2.4,3,3.1,3,2.5,28,51,22
94714,뤼이드(주),3.3,88,3.3,3.5,3.1,3.5,2.9,45,57,51
76826,미디어포스원(주),2.4,88,2,2.2,2.2,2.5,1.9,20,16,2
94526,한경닷컴(주) bnt뉴스,1.6,88,1.5,1.7,1.7,2.3,1.4,6,11,2
89732,(주)데이타솔루션,2.6,87,2.2,2.4,2.8,3,2.3,22,31,8
89830,(주)유니파이,2.3,87,1.8,2.6,2.6,2.3,2,15,26,5
87292,(주)이노트리,2.7,87,2.5,2.5,2.8,2.9,2.5,36,44,26
93291,(주)조아라,2,87,1.9,2.7,1.8,1.9,1.6,14,14,8
287984,(주)퓨처젠,2.3,87,2.1,2.7,2.4,2.4,2.3,23,43,14
94824,이노아이(주),2.5,87,2.2,2.5,2.7,2.4,2.2,20,33,9
82789,(주)다우데이타,3.4,86,3.2,3.6,2.9,3.2,2.6,60,61,20
79154,(주)라이프시맨틱스,2.5,87,2.5,2.6,2.6,2.8,2.3,26,41,34
345111,유한책임회사앤서스랩코리아,2.7,86,3.2,2.2,2.5,2.3,2.3,38,43,38
341521,(주)그린랩스,3.3,85,3.3,3.2,3.3,3.4,3.2,56,67,62
87189,(주)에이취큐텍,2,85,1.5,2.8,2.4,2,1.7,5,12,2
90141,(주)에이치나인,2.9,85,2.9,3.2,3.4,2.8,2.8,41,48,20
108567,(주)크로니아이티,2.6,85,3,1.9,2.6,3.4,2.2,35,36,27
79175,라이트브레인엠(주),2.5,85,2,2.4,2.2,2.5,2.2,21,43,14
59639,유클릭(주),2.6,85,2,2.9,3,2.6,2.4,28,46,18
54982,진두아이에스(주),2.6,85,2.2,2.7,2.3,2.4,2.1,24,24,6
50026,포켓몬코리아(주),1.7,85,1.4,2,2,1.8,1.4,7,21,4
2878,한국후지쯔(주),3.2,85,3.3,3.2,2.9,3,2.3,44,44,6
23461,씨아이씨라이프(주),1.6,84,1.4,1.8,1.8,1.7,1.3,6,6,5
68182,아이디에스앤트러스트(주),2.9,84,2.8,3.4,2.7,2.7,2.5,37,41,13
50094,포씨소프트(주),1.6,84,1.7,1.6,2,2.1,1.4,7,15,6
83602,(주)넥서스커뮤니티,3,83,2.3,3.4,3.4,2.4,2.5,34,48,12
44578,교육지대(주),2.4,83,2.1,2.8,2.4,2.4,2.3,19,39,10
41036,다쏘시스템코리아(주),2.9,83,3.2,3,2.6,2.7,2.2,40,30,36
82463,대교씨엔에스(주),2.6,83,2,3.5,2.7,2.6,2.2,18,32,1
74421,비즈웰(주),2.8,83,2.3,2.4,2.9,3,2.3,29,38,17
63963,엘아이지시스템(주),2.4,83,2.7,2.7,2.4,2.5,2,24,25,10
92016,오티아이(주),3.1,83,3,2.8,2.7,3,2.5,36,46,11
53363,케이엘넷(주),2.7,83,2.7,3.1,2.6,2.9,2,35,33,8
50099,포시에스(주),2.6,84,2.5,3.5,2.7,2.8,2.4,31,46,20
64548,(주)엑스큐어넷,2.3,82,2.3,2.3,2.4,2.5,1.5,7,18,7
53630,(주)케이사인,2.4,82,2,2.6,2.2,2.8,1.9,18,26,15
49316,(주)필라웨어,2.4,82,2.4,2.5,2.6,2.4,2.1,26,38,12
61856,(주)와이즈버즈,3.3,81,3.2,3,3.4,3.5,2.9,59,75,26
91503,(주)이지미디어,3.2,81,2.6,2.7,3.1,3.1,2.7,43,62,32
88307,스포츠투아이(주),2.6,82,3,2.5,2.6,3.1,2.4,37,46,13
87142,아시아경제신문사(주),2.8,81,2.8,2.8,2.6,2.7,2.2,44,32,25
50048,포인트모바일(주),2.2,81,2,2.3,2.4,2.3,2,20,32,20
90320,(주)넥스지,2.4,75,2.2,3.2,2.8,2.6,2,20,21,5
92284,(주)다날엔터테인먼트,2.4,81,2.8,2.7,2.1,2.4,2,23,25,9
59119,(주)이랜서,3.8,80,3.7,3.9,3.9,3.9,3.6,63,76,61
48668,(주)한국이디에스,2.2,80,1.8,2.1,2,2.6,1.7,18,20,5
36480,디에스글로벌(주),2.1,80,1.7,1.9,2.2,2.3,1.7,10,38,15
67546,아이티노매즈(주),2.4,80,2,3,2.6,2.6,2.2,24,41,18
13708,이제너두(주),2.2,80,2,2.9,2,2.1,1.6,20,20,10
86935,(주)데이타솔루션,2.8,79,2.2,2.8,3,3.2,2.1,28,22,10
307694,(주)민앤지,3.4,79,4,3.2,3.1,3.6,3.1,54,71,51
90265,(주)비스톤스,2,80,1.7,1.9,2.1,2.2,1.8,11,22,11
322443,(주)소리자바,2.5,80,2.2,2.7,2.4,2.5,2.2,30,34,28
65229,(주)에이시에스,2.5,79,2.3,2.3,2.4,2.8,1.6,16,17,8
96736,(주)힙합퍼,1.8,79,1.8,2.2,1.9,1.9,1.7,13,20,11
328190,네이버웹툰,4.4,79,4.3,3.4,4.3,3.8,4.1,87,87,78
30341,삼미정보시스템(주),2.1,79,1.9,2.3,2.2,2.4,1.7,11,14,--
95485,오지큐(주),2.9,79,2.9,3.4,3.2,2.9,2.6,47,51,43
58721,이언커뮤니케이션즈(주),2.3,80,1.8,2.7,2.3,2.4,1.8,20,16,9
84021,(주)날리지큐브,3.1,78,2.5,3.1,3.3,3,2.7,44,54,15
79464,(주)디지털존,2.5,78,2.1,2.9,2.3,2.5,2.1,18,30,15
335613,(주)딥브레인에이아이,3.2,78,3.3,2.8,3.6,3.2,2.7,49,50,49
59506,(주)윤커뮤니케이션즈,2.3,78,2,2.2,2.1,2.5,1.9,23,33,19
53152,(주)케이티이노에듀,2.1,78,1.9,2.2,1.9,2.4,1.8,13,33,6
22238,아이크래프트(주),3.1,78,2.8,3.3,3,2.8,2.6,42,61,19
89812,에스티에이테스팅컨설팅,2.8,78,2.2,3.1,2.7,2.6,2.5,35,49,27
62223,오픈프레스(주),2.3,78,2.4,3.3,2.4,2.2,2.1,26,14,17
325309,(주)디케이비엠시,2,78,1.9,2.2,2,2.2,1.7,15,23,18
310961,(주)라이트브레인,3.6,77,3,3.3,3.5,3.2,3.3,65,81,34
92091,(주)지란지교시큐리티,3.8,77,3.4,3.9,3.7,3.5,3.5,70,88,39
53155,(주)케이티엠하우스,2.9,77,3,4.1,2.9,2.6,2.2,53,43,17
312241,(주)타운컴퍼니,2.5,77,2.2,1.9,3.1,2.9,2.4,27,35,38
82549,닷네임코리아(주),2.4,77,1.7,3.3,2.8,2.6,2,22,20,10
198924,매드업(주),3.6,36,3.6,2.5,3.6,3.6,3.3,61,72,58
92324,(주)아티언스,2.6,76,2.6,2.1,2.7,3.2,2.6,36,59,30
47064,(주)와이지플러스,2.7,49,2.4,2.2,2.5,2.8,2.2,16,33,10
54689,(주)차케어스,2.4,76,2,3,2.3,2.1,2.1,25,37,12
52476,(주)퀄슨,3.3,76,3,3.7,3.3,3.1,3,49,75,34
321183,더이앤엠(주),2.5,76,2.9,3.1,2.5,2.2,2,24,23,13
228094,세틀뱅크(주),3.4,76,3.9,3.6,3.3,3.4,2.9,57,60,46
68144,아이러시(주),2.8,76,2.1,3.6,2.9,2.9,2.3,22,44,5
58288,이크레더블(주),2.9,77,3.2,2.9,2.8,2.5,2.2,45,34,17
49976,폴리큐브(주),2,76,1.9,2.3,2.5,2,2,18,22,20
81487,(주)더블유게임즈,3.3,76,3.8,3.3,3.1,2.7,2.9,58,64,37
78116,(주)마상소프트,2.4,75,1.8,3,2.6,2.4,2.1,20,34,8
320776,(주)베스파,2.4,75,2.9,2.5,2.5,2.5,2,17,28,9
68038,(주)아이비즈소프트웨어,2.7,75,2.6,2.2,2.3,3,1.9,27,31,24
87216,(주)엠씨에스텍,2.7,75,2,3,2.7,2.1,2.5,23,42,9
95891,비디(주),2.8,75,2.9,2.8,2.7,2.7,2.3,36,45,11
22211,아이티사이언스(주),2.6,75,2.1,2.6,2.8,2.9,2.4,17,49,20
58957,이비즈네트웍스(주),1.7,75,1.7,1.7,1.9,1.7,1.5,3,7,8
76620,(주)미리디,3.2,74,3,3.8,3.8,3,2.9,46,64,45
58862,(주)이스트시큐리티,3.1,74,2.6,3.9,3.3,3.1,2.4,43,24,14
336031,(주)집꾸미기,2.3,75,2.2,3,2.8,2.5,2.2,32,43,20
91856,(주)휴로인터랙티브,2.3,74,1.7,2.9,2.8,2.7,1.9,19,28,8
89174,넥슨지티(주),3.6,74,3.7,3.1,3.5,3.2,3,70,51,38
81147,(주)도브투래빗,2.8,73,2.2,2.6,2.9,2.9,2.3,34,45,15
287701,(주)리틀팍스,2.7,73,3.3,3.4,2.7,2.7,2.5,42,47,21
87954,(주)메일플러그,2.8,73,3.2,3.2,2.7,2.5,2.5,44,52,27
91526,(주)스마트로,3.2,73,3.6,3.6,2.9,2.7,2.4,49,50,3
64666,(주)에프앤자산평가,2.7,73,1.7,3.1,2.8,3.6,2.2,34,45,22
170210,(주)이지팜,2.4,73,2.4,2.7,2.5,2.5,2.2,26,48,23
79448,디지털플러스시스템(주),2.3,74,1.8,2.7,2.4,2.6,2.1,9,30,3
30898,비즈피어(주),2.6,73,2.2,2.7,2.6,2.5,2.1,21,23,4
88115,빙글,3.4,73,2.6,3.4,3.9,3.3,3.2,47,65,26
25982,솔트웨어(주),2.4,73,2.1,2.7,2.4,2.7,1.8,15,30,15
19844,엔씨티,1.8,73,1.8,2,2.3,2.3,1.8,5,17,7
319354,(주)백패커,3.6,72,3.3,3.1,3.5,3.4,3.3,67,78,64
67313,(주)아카넷,2.4,72,1.9,2.8,2.6,2.7,2.3,21,32,6
92714,(주)오픈놀,3.6,72,3.1,3.2,3.8,3.9,3.3,60,64,56
315184,(주)원티드랩,2.9,72,3.1,3.6,2.8,2.7,2.3,46,51,57
60767,(주)웹브라이트,2.8,72,2.3,3,2.5,3.1,2.5,31,48,11
55420,(주)지앤지커머스,2.8,72,2.3,3.7,3.1,2.8,2.4,42,47,35
45029,공간정보기술(주),2.6,72,2.5,2.6,2.8,2.5,2.2,24,49,6
79476,디지털아이디어(주),2.6,72,2,2.2,2.7,2.5,1.9,24,23,6
313882,버즈빌(주),4.1,73,3.7,3.8,4.4,3.8,4.2,79,93,56
91517,지니프릭스(주),1.8,72,1.7,3.2,1.9,2.1,1.5,7,20,3
51167,투이컨설팅(주),3.3,72,3,2.4,3.1,3.5,2.9,58,61,29
74451,(주)비즈니스온커뮤니케이션,2.6,71,2.2,3.8,2.7,2.5,1.8,27,17,11
92045,(주)하이브로,3.2,71,2.9,3,3.4,3.2,2.7,48,47,41
29669,삼정데이타서비스(주),3.1,71,3,3.5,3.1,2.8,2.6,42,45,13
87209,엘엔케이로직코리아(주),1.9,71,1.6,2.3,2,1.7,1.6,13,15,3
90364,페이스북코리아(유),4.5,71,4.5,4,4.4,4.2,4.2,83,85,77
81255,(주)데이타메이션,1.7,70,1.8,2.1,2,2.4,1.4,9,10,6
76815,(주)미라지웍스,2.2,70,2.3,2.4,2.3,2.5,1.9,14,20,7
75930,(주)버텍스아이디,2.1,70,1.7,2.3,2.1,2,1.7,10,25,14
379871,(주)와이어트,2.6,69,2.4,3.6,2.4,2.3,2.2,38,39,29
49127,(주)하만인터내셔널코리아,2.6,69,2.8,2.9,2.8,2.3,2,23,27,17
63990,엘비씨소프트(주),1.8,69,1.9,1.9,2.2,2.3,1.6,13,22,9
308227,키즈룹(주),2.6,69,2.8,3.6,2.7,2.3,2.2,43,49,30
89305,(주)미디어포스앤컴퍼니,2,68,1.5,1.8,2.1,2,1.7,10,24,6
7738,(주)시큐어원,2.9,68,2.3,3.2,2.7,3,2.6,34,50,10
94966,(주)지텍에스,2.5,68,2.1,3.1,2.6,1.8,2.1,21,34,1
87451,(주)프레임아웃,2.9,68,2.1,3.1,2.9,2.9,3,43,65,29
64484,엔미디어플랫폼(주),2.5,68,2.7,3.3,2.6,2.4,2.2,21,36,4
60762,웹솔루스(주),1.9,68,1.9,2,2.2,2.7,1.6,4,3,12
49823,퓨전데이타(주),1.9,68,1.9,2,2.1,2.2,1.6,4,11,6
86037,(주)갈라랩,2.4,67,2.3,2.2,2.6,2.6,2,16,33,7
90861,(주)동아닷컴,2.9,68,2.4,4,3.1,2.9,2.4,38,39,6
36519,(주)디아이티,2.3,67,2.3,2.5,2.7,2.3,1.6,7,15,7
77166,(주)모빌씨앤씨,2.8,68,2.4,2.5,2.8,2.9,2.3,32,52,6
314444,(주)스마일게이트메가포트,3,67,3.7,3.2,2.8,3,2.6,48,48,30
95449,(주)에스피씨네트웍스,2.5,67,2.5,3,2.3,2.5,2,18,35,18
124397,(주)유알피시스템,2.4,67,2.2,2.5,2.5,2.7,2.1,22,45,16
49588,(주)플레이위드,2.2,67,1.8,2.7,2.3,2.1,1.8,7,14,10
21151,에듀스파(주),2.4,67,2.2,2.8,2.2,2.2,1.9,28,24,16
88650,이엠디넷,2.1,67,1.7,2.5,2.3,2.3,2,21,31,10
55274,지엠솔루션(주),2.3,67,1.7,2.3,2.1,2.3,2.1,19,34,10
53057,(주)네오리진,2.5,66,2.5,3.1,2.5,2.3,1.7,20,21,2
89178,(주)에프앤가이드,2.8,66,2.4,3.7,2.7,2.8,2.4,36,50,26
92244,(주)톨레미시스템,2.1,66,1.9,2.3,2,2.6,1.5,14,24,8
49318,(주)필라넷,2.8,66,2.3,2.8,2.6,2.7,2.3,33,43,17
69578,심네트(주),2.1,66,1.8,2.7,2.3,2.3,1.7,17,23,12
15548,위쉬정보기술(주),1.7,66,1.5,1.9,1.6,1.7,1.6,15,18,3
15402,유넷시스템(주),2.4,66,2,2.8,2.8,2.7,2,17,33,5
53186,케이티뮤직(주),2.5,66,1.9,2.7,2.5,2.3,2.3,24,14,29
89583,코스코이(주),1.8,66,1.8,1.6,2.2,2.2,1.5,6,9,6
339895,(주)에이블리코퍼레이션,3.3,65,3.5,2.6,3.6,3,3.2,49,69,65
62666,(주)오더,2,65,2,2.9,2.2,2.2,1.7,17,11,12
60885,(주)웨이버스,2.8,65,2.5,2.5,2.5,2.9,2.5,29,52,12
78975,레디코리아(주),2.3,66,2.2,2.7,2.4,2.4,2,20,27,17
63122,열린기술(주),3.2,65,2.7,2.5,2.8,3.2,2.7,29,51,18
83370,(주)노크노크,2.3,64,2,2,3,2.3,2,23,11,14
89326,(주)뉴스토마토,2.7,64,2.6,3,2.6,2.7,2,30,20,11
75938,(주)버즈니,3.6,64,3.8,4.4,3.6,3.4,2.9,64,53,45
70784,(주)스코넥엔터테인먼트,2.5,64,1.9,2.9,2.6,2.4,1.9,19,32,16
68008,(주)아이센트,2.8,64,2.5,2.5,2.8,3.1,2.4,36,32,20
59205,(주)이노피아테크,3,64,2.7,3,3.1,3.1,2.6,41,79,28
79450,디지털프로그(주),2,64,1.8,2.1,1.8,2.3,1.7,6,36,2
79089,락플레이스(주),3.2,64,2.9,3.6,3.1,3.1,2.7,44,57,17
73001,서울스탠다드(주),2.2,64,2.3,1.9,1.9,2,1.7,14,27,6
91801,위사(주),2.9,64,2.8,3.4,3.3,2.9,3,41,60,25
318746,(주)게임덱스,3,64,2.3,2.9,3.5,2.7,3.1,45,63,39
359418,(주)비주얼,2.2,63,2.1,2.2,2.3,2.3,2.1,30,35,32
308328,(주)쓰리디팩토리,3,63,3,2.8,3.1,3.4,2.8,44,49,43
64877,(주)아톤,3.1,63,3,3.1,3,3.2,2.5,37,61,24
308435,넷마블네오(주),3.1,63,3.3,2.3,2.7,2.7,2.5,54,56,40
38966,대한에프에이시스템(주),3.2,63,3.6,2.2,2.8,3,2.6,38,35,14
87882,동원씨앤에스(주),2.6,63,2.4,2.2,2.3,2,2,10,21,2
36907,두루이디에스(주),2.2,63,1.7,3.5,2.1,2.1,2,19,26,2
91146,디에이인포메이션(주),2.6,63,3.1,3.4,2.3,2.6,2.3,25,30,10
89723,라이엇게임즈코리아,4.4,63,4.3,3.9,4.5,3.5,4.2,87,80,68
76843,미디어웹(주),2.8,63,2.7,3,2.8,2.6,2,29,23,5
68802,씨이랩(주),2.8,63,2.4,3.3,3.1,3,2.9,27,61,25
50968,티비스톰(주),2.4,63,2.5,2.7,2.3,2.7,1.8,21,37,14
69527,(주)싸이웍스,2.5,63,2.3,2.6,2.3,2.6,2.1,22,41,22
87226,(주)한국네트웍스,2.7,62,2.7,2.6,2.7,3,2.2,29,26,18
87548,(주)휴먼웍스,3,62,2.7,2.7,3.7,3,2.6,47,42,23
79529,디젠(주),2.1,62,2,2.5,2.1,2,1.8,8,13,3
25311,스탠다드네트웍스(주),2.2,62,2.3,2.7,2.1,2.3,1.6,21,26,13
70468,시도우(주),2.1,62,1.5,2,1.9,2.5,1.9,15,12,3
87476,한경닷컴(주),2.9,62,2.6,3.9,2.9,2.6,2.4,35,43,16
325829,한국통합민원센터(주),3.5,62,2.9,3.7,3.4,3.6,3.2,53,71,56
85783,(주)게임베리,3,61,2.8,4,3.4,2.9,3,49,57,41
79103,(주)라티스글로벌커뮤니케이션스,3.1,61,2.1,3.2,3.2,2.8,2.5,41,50,18
368777,메디컬아이피(주),3.1,61,2.8,3.1,3.1,2.9,2.7,61,66,52
69458,써티웨어(주),2.4,61,2.2,2.6,2.4,2.6,2.1,28,39,7
58233,이패스코리아(주),2.6,61,1.7,3.2,2.4,2,1.8,21,33,11
52470,퀸텟시스템즈(주),2.7,61,2,2.3,2.7,3.1,2.9,31,53,28
92763,텔레웍스(주),2.2,61,1.9,2.5,2.3,2.2,1.8,8,15,--
49815,퓨즈와이어(주),1.8,61,1.4,1.9,1.8,2.1,1.6,18,29,16
77104,(주)모젯,3.4,60,3.8,3.2,3.5,3.4,3.1,53,73,38
274423,(주)액션스퀘어,3.6,60,3.7,4.3,3.7,3.2,3.1,68,67,42
91072,(주)에넥스텔레콤,2,60,1.7,2.4,2,1.9,2,15,42,10
57892,(주)인터메이저,2.3,60,1.7,2.5,2.4,2.4,2,10,35,8
42076,노아에이티에스(주),2.8,61,2.5,1.9,2.5,3.3,2.6,31,61,23
90365,에스프리즘(주),2.1,60,1.7,1.9,2.2,2.6,1.8,12,17,10
333936,포디리플레이코리아(주),2.2,60,2.5,2.3,2.1,2.5,1.7,18,37,27
3144,한국전자인증(주),2.8,60,2.6,3.9,2.9,2.3,2.3,33,46,8
339680,(주)뉴링크,3,59,2.8,3.1,2.7,2.9,2.5,46,51,47
75226,(주)북팔,2.5,59,2.3,3.1,2.6,2.3,1.8,25,18,10
74450,(주)비즈니스인사이트,2.7,59,2.5,2.1,2.9,3.1,2.5,31,36,29
71763,(주)세정아이앤씨,2.7,60,2.9,2.8,2.4,2.8,2.2,23,34,7
90406,(주)솔트케이크,1.6,59,1.5,1.4,1.8,2.2,1.7,12,25,7
379503,(주)아비드이앤에프,2.4,59,2.2,2.5,2.4,2.5,2.2,20,42,29
94096,(주)알에스엔,2.9,59,2.8,3.5,2.8,2.9,2.8,36,66,36
77653,메디오피아테크(주),2.3,59,2,2.4,2.3,2.7,1.9,17,13,8
7708,케이아이에스정보통신(주),3,59,3.4,3.4,2.7,2.6,2.4,41,38,14
92229,티에이케이정보시스템(주),2.5,59,2.4,2.7,2.6,2.4,1.8,27,15,14
74140,(주)사이넷,2.1,58,2.2,2.3,2.3,2.2,1.8,22,22,12
324916,(주)웨딩북,3.2,58,2.9,3.4,3.1,3.2,3,48,60,45
93609,(주)칸투칸,2.8,58,2.8,2.9,2.6,2.5,2.6,36,49,9
90623,(주)한국미디어네트워크,2.7,58,2.4,3.5,3.1,2.5,2.7,38,36,10
80258,두올테크(주),2.1,58,2.1,1.9,2,2.3,1.8,10,26,14
19380,엠아이큐브솔루션(주),3,58,2.8,3.2,3.2,3.3,2.6,45,54,33
95080,인포젠(주),2.3,58,1.9,2.7,2.6,2.9,1.9,9,18,2
77882,(주)매스코,2.2,57,2,2.1,2.3,2.2,2.2,14,52,14
65486,(주)에스큐브아이,2.7,57,2.9,2.6,2.6,3,2.3,28,43,11
62232,(주)오픈오브젝트,2.9,57,2.6,2.6,2.8,3.2,2.6,28,39,14
58223,(주)유니콤넷,1.9,57,1.8,2,2.1,2.4,1.8,16,22,23
52356,(주)크레비스파트너스,3.8,57,2.8,2.7,3.9,4,3.8,63,84,61
49821,(주)퓨전소프트,3.1,58,2.5,3.2,3.3,2.9,2.6,47,56,10
49101,(주)하우리,2.5,57,1.8,2.9,2.4,2.6,1.8,23,26,7
47162,(주)환경과학기술,2.7,57,2.4,3.4,3.2,2.9,2.2,21,42,9
78504,리눅스데이타시스템(주),3.1,57,2.5,3.4,2.8,3.3,2.4,47,45,14
30946,비젠트로(주),2.5,57,2.3,2.7,2.5,2.5,2.2,32,37,26
21458,앤시정보기술(주),2,57,1.4,2.7,2.2,2,1.5,2,6,--
62231,오픈잇(주),3,57,2.8,2.9,2.8,3.1,2.6,40,35,12
57907,인터랙티비(주),2.6,57,2.3,3.6,2.9,2.6,2.1,18,22,4
151257,(주)넷크루즈,2.4,56,2.6,2.8,2.4,2.8,1.8,16,22,7
76565,(주)미소정보기술,2.8,56,2.4,3.3,3.5,2.9,2.7,29,51,34
130835,(주)스마일게이트알피지,3.5,56,3.6,2.5,3.1,3.1,2.8,55,47,50
67755,(주)아이엠아이,3.1,56,3.3,3.2,3,2.9,2.5,50,48,14
60856,(주)웨인테크놀로지,3.1,56,3,2.9,3.3,3.1,2.6,41,63,38
59281,(주)이노시뮬레이션,2.3,56,2,2.6,2.5,2.1,1.9,23,39,21
290242,(주)이츠엠,1.6,56,1.6,1.9,1.7,2,1.5,9,13,7
94772,(주)취업뽀개기,2.4,56,2.1,3.1,2.7,2.8,2,20,18,14
62053,(주)티사이언티픽,2.8,56,2.4,3.5,2.7,2.8,2.3,30,35,11
92315,(주)파티게임즈,2.4,56,2.2,3,2.9,2.3,2,16,28,4
53975,구 카카오(주) ,4.1,56,3.8,4,4.3,3.6,3.8,88,83,82
42729,나이스정보통신(주),3.7,57,4,3.8,3.4,3,3.1,68,54,42
75351,부뜰정보시스템(주),2.6,56,2.2,2,2.5,3.1,2.3,30,45,20
68821,식신(주),2.3,56,2.3,2.7,2.4,2.8,2.2,21,43,18
62085,올엠(주),2.6,56,2.1,3,2.7,2.7,2.4,30,32,9
62068,올포랜드(주),2.9,56,2.6,2.7,2.8,3,2.7,45,65,41
49486,피앤피시큐어(주),4,56,3.7,3.9,4,4,3.8,77,87,70
93388,헤이코리안(주),1.4,56,1.6,1.8,1.7,1.5,1.4,9,11,11
67230,(주)아토스,2.3,55,1.9,2.6,2.1,2.5,1.9,16,29,4
205979,(주)쿡앱스,3.8,55,4,4.3,3.7,3.3,3.5,67,75,38
66712,애버커스(주),2.4,55,1.9,2.5,2.2,2.6,1.9,18,31,13
57282,잘레시아(주),2.6,55,2.6,2.2,2.7,3.3,2.1,36,20,27
91714,한국무역정보통신(주),3.2,55,3.4,3.7,2.9,2.6,2.3,58,42,15
79507,(주)디지캡,3,54,3.2,2.8,3.1,3.3,2.5,39,30,9
76901,(주)미니게이트,2.3,54,2,2.5,2,2.2,1.9,11,28,6
92073,(주)비젠소프트,2.3,54,1.7,2,2.6,2.7,1.8,17,19,6
89755,(주)소프톤엔터테인먼트 ,1.9,54,2.1,2.6,2,2.1,1.6,6,17,2
74300,(주)소프트센,2.8,54,2.5,2.9,2.8,2.9,2.2,26,38,20
95319,(주)에이스프로젝트,4.1,54,3.6,4.3,4.4,3.6,3.9,74,61,54
62638,(주)엔씨아이티에스,2.6,54,3.2,3,2.9,2.2,2.1,28,36,6
62239,(주)오픈소스컨설팅,2.5,55,3.1,3,2.2,2.4,2.1,33,36,24
43232,기웅정보통신(주),2.9,54,2.8,2.6,2.6,2.7,2.3,31,43,13
56389,마이뮤직테이스트,2.6,54,2.5,3.2,3.4,2.6,2.1,26,25,24
90067,모바일나인(주),2.4,54,1.7,3.4,2.2,2.4,2,28,27,6
91939,아임에버(주),3,54,2.5,3.4,3.1,2.7,2.8,33,39,6
20862,에스에이피랩스코리아(주),4,54,3.9,4.4,4.3,3,3,78,54,37
71294,엑스큐어(주),2.6,55,2.6,3.4,3.1,2.6,2.2,20,31,9
7918,캔즈플렉스(주),2.3,54,2,2.5,1.8,2.3,1.9,13,29,6
89073,한영시스텍(주),2.4,54,2.3,2.2,2.4,2.2,2.4,13,39,2
83675,(주)네오플러스,2.5,53,1.7,2.8,2.4,2.5,1.9,9,28,2
113245,(주)도움이티에스,2.8,53,2.9,2.7,2.5,2.9,2.6,32,48,34
89724,(주)디시인사이드,3.1,53,2.9,4,3,2.9,2.5,40,56,19
74824,(주)비아이씨엔에스,2.6,53,1.9,2.8,2.3,2.9,2.1,21,33,6
71364,(주)소프트넷,2.2,53,2.2,2.1,2.1,2.5,1.9,23,23,13
4474,(주)수산아이앤티,2.6,53,2.6,3.6,2.6,2.5,2.3,36,39,13
93898,(주)에스비에스에이앤티,3.2,53,3.3,2.9,2.7,2,2.2,51,32,8
63303,(주)엠투소프트,3.1,53,2.5,3.5,3.7,3.2,2.5,47,41,17
55641,(주)지노시스템,2.2,53,1.8,2.1,2.5,2.8,1.9,15,32,19
91455,(주)포잉,2.5,53,2.3,3.1,3.1,2.5,2.2,23,35,13
308294,(주)헬스허브,2,53,1.8,2.6,2.2,1.9,1.9,21,32,21
40101,대상정보기술(주),2.6,53,2.4,3.4,2.9,2.1,2,36,40,6
74308,비티비솔루션(주),3.1,53,2.4,3.1,3.1,3,2.2,13,44,--
42163,키네마스터(주),3,53,3.3,3.8,2.8,2.8,2.5,40,60,26
3129,한국정보인증(주),2.9,53,3.2,3,2.8,2.8,2.5,34,58,23
68242,(주)룽투코리아,2.4,52,2.3,3.1,2.5,2.3,2,15,26,10
41245,(주)바이오닉스진,2.4,52,2.3,2.6,2.6,2.9,2,21,32,12
90819,(주)비욘드엠,1.9,52,1.6,3.1,2.4,2.4,1.5,8,10,4
313569,(주)셀러허브,3,52,2.4,3.4,2.9,3.1,2.6,29,57,31
94687,(주)엔씨엘,2.4,52,1.8,3,2.3,2.4,2.1,19,17,10
95839,(주)오케이토마토,2.1,52,1.9,2.2,2,2.1,2.1,25,46,25
97088,(주)이씨에스텔레콤,3.9,52,4.4,3,3.4,3.3,3.8,81,90,60
58361,(주)이지원인터넷서비스,1.8,52,1.6,1.7,1.6,2.3,1.6,10,5,--
55861,(주)주인정보시스템,2.6,52,2.2,2.7,2.8,2.9,2.2,27,34,10
93219,(주)휴노,3.4,52,2.6,3.4,3.6,3.1,3.7,56,76,62
83562,넥스챌(주),2.5,52,2,2.4,2.5,2.6,2.3,21,41,21
90780,메뉴판닷컴(주),2.3,52,2.3,2.4,2.1,2.5,1.9,10,14,--
67981,아이시프트(주),2.7,52,2,2.7,3.2,3,2,17,23,10
373690,(주)네모난오렌지,3.4,51,3.2,3.2,3.7,3.2,3.5,,,
95712,(주)리얼야구존,2.5,51,2.3,3.6,2.5,2.3,2.2,22,31,6
74141,(주)사이냅소프트,3.2,51,2.7,3.6,3.5,3.3,2.9,59,55,33
70687,(주)스톰미디어,3,51,3,2.3,2.8,3.2,2.8,39,61,43
248295,(주)아크릴,2.4,51,2.2,3.5,3,3,2.1,20,33,16
328664,(주)애자일소다,2.6,51,2.6,2.9,2.6,2.8,2.6,33,49,31
64207,(주)엔코아,3.1,51,3.1,2.8,3.1,3.4,2.5,45,50,31
68173,(주)오픈서베이,3.9,51,3.7,3.6,4,3.5,3.5,71,76,65
57077,(주)정도유아이티,2.9,51,2.7,2.9,2.7,2.8,2.5,35,52,20
53190,(주)케이티넥스알,3.3,51,2.9,3.5,3.4,3,2.5,53,47,35
321318,(주)테크랩스,2.3,52,2.8,2.5,2.4,2.6,2,12,17,12
78996,레드덕(주),2.8,51,3.1,2.5,3,2.5,2.3,14,37,8
311120,미스터블루(주),2.7,51,2.4,3,2.8,2.5,2.4,39,52,18
93060,에이스탁(주),2.2,51,2.2,2.4,2.3,2.5,1.9,29,31,22
337951,유진아이티서비스(주),1.9,55,2.2,2.6,2.1,1.9,1.6,24,27,11
88812,카본코드테크놀로지,3.4,51,3.8,3.9,3.3,3.6,2.9,63,75,31
52313,크루메이트(주),2.8,51,2.8,2.8,2.8,2.8,2.7,43,60,16
332681,(주)게티이미지코리아,2.3,50,2,3.2,2.2,2.1,2.1,22,32,14
80371,(주)두루안,2.8,50,2.7,3.3,3.1,2.4,2.6,34,48,14
318605,(주)럭스로보,2.5,50,2.6,2.7,2.5,2.4,2.3,26,44,30
83817,네오넥스소프트(주),2.7,50,2.1,2.8,2.7,2.6,2.1,12,40,4
34091,모젼스랩(주),2.1,50,2.1,2.5,2.8,2.5,2.1,14,28,12
116308,아이디노(주),2,50,1.9,1.9,2.2,2.8,1.8,12,28,4
66588,야긴스텍(주),2.4,50,2.1,2.1,2.4,2.7,2.1,8,29,8
196262,카닥,3,50,3.6,3.7,3.3,3,2.5,56,46,36
3423,한국쌔스소프트웨어(주),3.1,50,3.2,3.6,3.3,3,2.7,54,50,10
328299,(주)굿센,2.9,49,2.6,3.1,3,3.1,2.7,43,56,24
81431,(주)더아이엠씨,2.1,49,1.7,2.3,2.4,3,1.6,16,27,18
80176,(주)드라마앤컴퍼니,3.6,49,3.4,3.3,3.8,3.5,3.3,57,56,55
317622,(주)매스프레소,3.5,49,3.4,2.9,3.6,3.3,2.9,53,63,43
77582,(주)메이드인헤븐,3,49,2.6,3,3.1,3,3,41,66,20
76977,(주)문피아,1.9,49,2.1,2.1,2.2,2,1.5,12,20,12
373731,(주)브이엔티지,2.3,49,2.1,2.8,2.5,2.2,1.9,16,35,14
71842,(주)세이퍼존,1.3,49,1.7,1.3,1.4,1.7,1.2,--,4,--
310371,(주)시드아이티,2.3,49,2.3,2.4,2.5,2.2,2.2,16,31,12
205020,(주)이지닉스,2.5,49,2.6,2.2,2.3,3,2.2,31,40,29
57966,(주)인지소프트,2.4,49,2.4,2.7,2.8,2.7,2,20,24,12
91790,(주)지메이트시스템즈,2.6,49,1.9,2.3,2.6,2.7,2.4,24,43,16
113153,(주)컴퓨터메이트,2.3,49,2.2,2.3,2.8,3,2.2,22,29,10
349887,(주)트렌디스,3.4,49,3.2,3.8,3.8,3.4,3.4,47,67,47
90806,네오위즈아이엔에스(주),2.9,49,2.4,3.6,3.9,2.6,2.5,33,38,6
90510,디지털원(주),1.7,49,1.6,1.8,1.7,2,1.6,4,6,--
67817,아이엔소프트(주),2.8,49,2.3,3,2.8,3,2.5,37,36,12
89788,에이브랜드,1.8,49,1.7,1.9,2.2,2.5,1.4,4,6,--
67743,엔에이치엔에듀(주),3.1,49,3.4,3.6,3.3,3,2.9,55,54,39
87452,왓챠,3.6,49,3.6,3.6,3.6,3.4,3.1,61,73,49
55040,지플러스(주),2.8,49,2.4,3.4,3.4,2.2,2.6,22,49,6
251705,한국문헌정보기술(주),2.5,49,1.8,2.2,2.7,3,2.4,27,38,18
317158,(주)나딕게임즈,2.9,48,2.4,2.6,3,2.5,2.5,23,54,10
94957,(주)솔로몬텍,2.6,48,2.2,3.3,2.8,2.3,2.1,23,32,8
62002,(주)와이더플래닛,2.8,48,2.3,3.7,2.7,2.9,2.3,29,39,17
60048,(주)위고,2.1,48,1.6,2.3,2.3,2.6,1.7,8,20,4
297582,(주)이호스트아이씨티,3.5,48,2.6,3.5,3.1,3.3,3,50,69,46
92198,(주)포스토피아,2.5,48,2,3.1,2.5,2.1,2,21,33,4
311086,글로우데이즈(주),3.3,48,3,4,2.8,3.3,3,50,53,33
92346,소프트닉스(주),2.8,48,2.8,2.9,2.8,2.4,2.6,29,46,6
25513,쉬프트정보통신(주),2.1,48,1.9,3,2.4,2.3,1.7,23,32,10
23198,씨제이시스템즈(주),3.1,48,3.2,3,3.2,2.9,2.7,38,50,29
91282,통로이미지(주),2.5,48,2.2,3.2,2.3,2.4,2,23,29,15
49932,플라이앤컴퍼니(주) 푸드플라이,2.5,48,2.3,2.7,2.6,2.4,2.5,29,45,25
321011,(주)알스퀘어,3.2,47,2.7,3.3,3.1,3.1,3,55,85,57
242607,(주)에코아이티,2.8,47,2.3,2.5,2.9,3.3,2.6,32,55,32
326711,(주)큐피스트,3.6,47,3.8,2.6,3.5,3.7,3.2,57,77,66
50263,(주)페이게이트,2.1,47,1.5,2.8,2.1,2.4,1.7,17,22,17
42179,넥스브레인(주),2.7,47,2.1,2.1,2.6,2.8,2.1,17,50,19
80149,드림미즈(주),2.1,47,1.8,1.9,2.3,2.8,1.7,11,13,6
78407,리본즈코리아(주),2.7,48,2.3,2.9,3.1,2.6,2.8,33,76,31
221626,상상스토리(주),2.6,47,2.1,2.4,3,3.3,2.3,28,35,17
69161,씨아이에스텍(주),1.9,47,2.2,1.7,1.9,2.6,1.7,19,20,15
348978,아라소프트(주),1.9,47,1.8,2,2,2.1,1.7,21,26,26
22493,아이브스(주),2.4,47,2.2,2.6,2.3,2.7,2.2,32,40,30
320364,원스토어(주),3.4,48,3.8,3.9,3.2,2.3,2.9,54,63,25
513,화이트정보통신(주),2.6,47,1.9,2.7,2.8,3,2.1,28,23,2
82919,(주)다비오,2.8,46,2.5,3.6,3,2.6,2.8,43,50,39
82640,(주)다임즈,2.5,46,2.7,2.8,2.5,2.8,2.1,15,38,7
62552,(주)오마이뉴스,2.7,47,2.3,3.3,3,2.6,2.2,36,29,2
90756,(주)준인터,2,46,1.9,2.4,2.2,2.3,1.7,13,10,7
51041,(주)트리짓소프트웨어,2.9,45,3,2.6,2.5,3.2,2.7,38,47,27
47782,(주)핸드스튜디오,3.4,46,3.7,2.7,3.9,3.6,3.3,54,78,43
37300,동은정보기술(주),2.7,46,2.8,2.7,2.5,2.7,2.3,35,43,22
78770,로보티즈(주),3.4,46,3,3.2,3.6,3.1,2.7,46,57,43
213229,애니파이브(주),2.7,46,2.5,2.5,3.1,2.9,2.2,28,39,4
93867,엘에스웨어(주),3.1,46,2.9,3.7,3.5,3,3,48,72,22
15393,유니닥스(주),2.7,46,2.2,3.2,2.7,2.9,2,26,48,24
13869,이에스이(주),2.4,46,2.1,2.8,2.8,3,1.7,28,23,17
87492,한국콤파스(주),2.4,46,1.9,3.3,2.4,2.3,2.1,15,25,11
92871,(주)메타넷에스엔씨,2.2,45,2,2,2.4,2.6,1.9,18,29,16
59369,(주)이너버스,2.3,45,1.8,3.1,2.7,2.5,1.7,22,36,16
59344,(주)이노디스,2.4,46,2.1,3.2,2,2.5,2,24,24,15
319892,(주)지니웍스,3,45,2.5,3.2,3.2,3,2.8,38,58,36
307932,(주)포워드퓨처,2.4,45,1.8,2.3,2.5,2.5,2.2,24,34,20
89678,가비아씨엔에스,3.4,45,3.7,3.8,3.2,3,3.1,67,82,33
165229,아이리시스(주),1.4,45,1.3,1.6,1.8,1.6,1.4,4,7,9
67559,아이투맥스(주),2.9,45,3.2,3.4,2.9,3.4,2.6,42,50,20
17784,오브젠(주),2.6,45,2.4,2.3,2.4,3.1,2,33,38,36
17538,오큐브(주),2.6,45,2,2.4,2.8,2.8,2.6,27,47,13
59575,유플러스아이티(주),2.6,44,2.1,2.8,2.5,2.5,2.7,32,51,18
139470,지엠티(주),1.7,40,1.7,1.4,1.8,2.1,1.6,8,15,5
89753,텐던시,3.1,45,3,2.4,3.4,3.6,2.8,51,59,49
90375,팬택씨앤아이(주),2.7,45,2.8,3.1,2.6,2.7,2.2,27,48,13
74131,(주)사이버라인,2.3,44,2.1,2.3,2.1,3.2,1.9,32,31,16
93167,(주)틸론,2.4,44,2.1,2.1,2.5,2.6,2,32,39,32
343863,(주)파스토,2.3,44,2.1,2.6,2.5,2.4,2.3,30,43,39
46997,(주)휴먼컨설팅그룹,3.4,44,3,2.5,3.3,3.3,2.8,64,62,39
42677,낙스넷(주),2.1,44,1.7,2.3,2.1,2.1,1.8,18,23,5
51032,디딤365(주),3.4,44,3,3.4,3.3,3.6,3.2,50,73,59
77748,맨텍(주),3.5,44,3.8,3.8,3.1,3.2,2.8,66,62,39
95021,바이텍정보통신(주),2.7,44,2.7,2.9,2.4,2.8,2.2,25,38,16
74750,비에네스소프트(주),3,44,2.2,3.6,3.4,3.1,2.6,36,54,7
67549,아이티네이드(주),2.3,44,1.8,3.2,2.6,2.5,1.9,18,18,2
20570,에스케이텔링크(주),3.1,44,3.9,3.6,3.3,2.8,2.5,45,51,11
89359,엔트리브소프트,2.9,44,2.8,3.1,2.9,2.5,2.4,30,68,2
59283,이노스파크(주),2.3,44,2.5,2.9,2.7,2.5,1.8,14,21,--
6848,크림하우스(주),2.6,44,2,3.2,3,2.8,2,11,32,11
128094,튠시스템(주),1.9,44,2.5,1.9,1.8,1.9,1.7,20,27,9
90012,퍼니글루,2.4,44,1.7,2.1,2.5,2.5,2.1,14,29,7
89676,휴빌론,2.9,44,2.5,3.2,3,3,2.3,27,46,14
86237,(재)행복아이씨티,2.7,43,2.2,3.6,2.7,2.4,2.1,21,32,14
310018,(주)뉴스젤리,2.4,43,2,2.5,2.8,2.6,2,19,33,12
316500,(주)달콤소프트,3,43,2.5,3,3.3,2.8,2.2,19,40,16
79517,(주)디지아이,2.4,43,2,1.9,2.1,2.4,1.9,16,29,5
64354,(주)엔에스에이치씨,2.7,43,2.2,3.4,2.9,2.6,2,40,37,21
63133,(주)연합인포맥스,3.6,43,3.9,3.3,3,2.9,2.8,67,54,35
87182,(주)원웨어,2.9,43,3,2.7,2.9,3,2.3,14,27,5
89686,(주)이지에이치엘디,2.8,43,2.4,3.7,2.8,2.7,2.7,37,54,12
58234,(주)이파피루스,3.2,43,2.8,3.1,3.2,3.2,2.7,33,58,28
58112,(주)인밸류비즈,2.2,43,1.9,2.4,2.1,2.7,1.8,9,18,5
87369,(주)커머스웨어,3.5,43,3.5,3.4,3.2,3.4,3.3,72,74,23
50551,(주)파워젠,2.5,43,2.7,2.7,2.4,2.9,2.2,19,33,19
370323,(주)푸시,3.3,44,3.3,3.3,3.4,3.2,2.9,57,66,48
91763,뉴리버,2.1,43,1.9,1.8,2.5,2.3,2.1,21,52,23
81254,데이타뱅크시스템즈(주),2.8,43,2.5,2.9,2.7,3.1,2.7,37,61,28
89402,메리트인(주),2.6,43,2.1,3.7,3.3,1.9,2.5,7,55,--
94680,브라이어스(주),1.9,43,1.6,1.2,2,2.1,1.5,7,9,5
74324,비트러스트(주),2.5,43,1.7,3,3.3,2.5,1.9,7,11,7
68641,씽크풀(주),2.7,43,2,3.8,2.9,2.2,2.6,26,44,9
60190,유디엠텍(주),2.4,43,2.4,2.8,2.5,2.7,2,16,23,14
88862,이케이(주) ,2.4,43,2.2,2.9,2.3,2.4,2.1,19,29,14
56749,제오젠(주),2.6,43,2.2,2.4,2.3,2.4,1.8,19,10,5
94194,큐브앤큐브(주),1.8,43,1.6,1.6,2.3,2.5,1.5,2,11,--
312910,프렌트립(주),2.8,43,2.6,3.7,3.1,2.4,2.4,33,47,26
87459,피디시스템(주),2.1,43,1.7,1.8,2.2,2.2,2.1,21,28,14
90551,(주)노매드커넥션,3.1,42,2.3,3.1,3.3,2.9,2.9,26,50,17
89941,(주)디스이즈게임닷컴,2.2,42,1.5,3.1,2.3,2,2,12,38,5
76423,(주)민커뮤니케이션,2.2,42,1.8,3.3,2.4,1.8,1.5,12,16,2
74439,(주)비즈스프링,2.5,42,2.1,3.5,2.5,2.5,2.4,26,30,10
89982,(주)애니게이트,2.5,42,3.5,2.9,2.3,2.1,1.9,31,37,17
65352,(주)에어패스,2.2,43,1.8,3,2.3,2,1.8,7,36,12
64274,(주)엔이에스,1.9,42,1.7,2,2,1.9,1.5,10,14,5
79523,디지레이(주),2.5,42,2.4,2.6,2.4,2.5,2.4,36,40,38
79263,라오니스(주),2.5,42,2,3.4,2.7,2.3,2.3,29,43,7
35452,리얼네트웍스아시아퍼시픽(주),3.1,42,3.4,3.8,3.2,2.7,2.2,26,24,2
22428,아이씨티웨이(주),2.8,42,2.6,2.5,2.7,3.1,2.7,31,67,21
93948,엔시큐어(주),3,42,2.5,3.5,3.2,2.8,2.8,26,79,24
58027,인스웨이브시스템즈(주),3.1,42,2.5,3,3,2.9,2.6,38,58,19
9695,지티플러스(주),3.5,42,3.1,3.7,3.6,3.2,2.9,60,61,14
53027,코디얼(주),2.2,42,1.9,2.1,2,2.5,1.7,24,26,19
319036,테이블링(주),3.8,42,3.4,4.5,3.9,3.4,3.6,67,71,60
2856,한길씨앤씨(주),2.1,42,1.6,3.1,2.3,2.2,1.8,21,41,12
86113,(주)가온스,1.8,41,1.7,2.4,1.7,2.6,1.6,7,15,2
92862,(주)리앙커뮤니케이션즈,2.3,41,1.9,2.6,1.9,2.3,1.8,12,28,10
49807,(주)에프에스엔,3.3,41,3.4,3.8,3.1,3,2.4,54,48,17
356849,(주)자란다,3.4,41,3.2,3.3,3.4,3.2,2.9,61,68,59
143657,(주)즐거운,2.7,41,2.6,3.2,2.8,2.4,2.3,27,48,27
310980,(주)진앤현시큐리티,2.8,42,2.1,2.7,2.6,2.7,2.1,24,40,12
353665,(주)한국직업개발원,2.6,41,2.5,2.8,2.8,3,2.7,32,47,37
48292,(주)한성아이티엘,3.6,41,3.4,2.8,3.3,3.4,2.8,63,53,29
344453,넛지헬스케어(주),3,41,3,3.8,2.7,2.9,2.5,41,49,34
36671,드림라인,3.1,41,2.9,3.2,3.2,2.5,2.4,44,50,24
329437,럽디(주),2.7,41,2.7,2.4,2.8,3.1,2.2,29,39,29
87575,브이씨엔씨(주),3.8,41,3.2,4.1,4.2,3.3,3.4,73,78,44
75005,블루사이드(주),2,41,2,2.7,2.4,2.4,1.5,12,16,2
70327,시지온(주),2.9,41,2.8,4.1,3.1,2.6,2.1,37,35,24
68982,씨에스피아이(주),3.3,41,2.9,3.4,3.7,3.2,2.9,56,71,24
66734,에듀베이션(주),2.2,41,1.9,3.6,2.4,2.1,1.9,20,22,15
64191,엔타즈(주),2.6,41,2.3,2.3,2.6,3,2.3,12,32,--
63806,엘토브(주),2.6,41,2,2.7,2.8,2.5,2.2,29,30,24
328600,엠비아이솔루션(주),3.9,41,3.7,4.1,3.2,3.3,3.2,59,66,44
313799,옴니피앤씨(주),2,41,1.6,2.7,1.9,1.6,1.8,22,28,10
60850,웰게이트(주),3.1,41,2.3,2.6,3.3,2.9,2.8,24,50,2
94877,유니티테크놀로지스코리아(유),4.3,41,4.5,4.2,4.4,3.7,3.9,95,83,83
48478,한네트(주),2.1,41,1.8,2.4,2.1,2.2,1.9,10,25,--
339390,(주)미궁365,2.8,40,2.8,3.1,2.9,2.6,2.6,,,
309629,(주)비트망고,3.1,40,3.7,4.2,3.2,3.2,2.5,50,38,38
87100,(주)스마일서브,2.6,40,2.1,3.3,2.8,2.8,2.1,43,18,10
70314,(주)시큐레이어,3,40,2.6,3.2,3.5,3.4,2.6,38,60,30
62153,(주)온라인파워스,2.8,40,2.3,3.1,3.1,2.9,2.3,20,25,15
59946,(주)유시스,2,40,2,2.3,1.9,2.5,2.1,15,31,13
58400,(주)이지로보틱스,3.4,40,3.5,3.2,3.8,3,2.5,53,38,30
326356,로지스팟(주),2.6,40,2.1,2.9,2.8,2.4,2.4,18,35,30
76849,미디어솔루션(주),2.1,40,1.5,3.4,2.2,1.8,1.7,18,27,10
71536,센티널테크놀로지(주),2.4,40,2.2,2.1,2.2,2.6,2,28,32,28
25363,스콥정보통신(주),3,40,2.6,3.5,2.6,2.9,2.9,38,62,18
92863,아이캔매니지먼트(주),2.8,40,2.1,2.4,2.7,2.9,2.3,23,30,10
56962,정원엔시스(주),2.2,40,1.7,2.4,2,2.1,1.5,13,21,8
55183,지온네트웍스(주),2.6,40,2.5,3.1,3.3,2.6,2.1,30,29,8
88863,키위플(주),3.3,40,3.1,3.5,3.2,3.3,2.8,45,67,23
89791,푸르넷닷컴(주),2,40,1.5,2.9,2.1,1.7,1.5,15,14,10
78245,(주)리플렉션,3.6,39,2.9,3.4,3.4,3.4,3.1,67,74,51
308280,(주)망고플레이트,2.5,39,2,2.1,3.2,2.7,2.6,26,46,31
96943,(주)머스트잇,3.7,39,2.9,3.8,3.3,3.7,3.1,56,68,54
329983,(주)비에스에스스포츠,2.4,39,3.1,3.1,2.9,2.2,2.1,23,31,8
67538,(주)아이티뱅크,2.2,39,1.8,1.7,2.5,3.2,2,10,21,15
64888,(주)에이투엠,2.9,39,2.4,3.1,2.6,3.2,2.4,36,42,33
64641,(주)에프엑스기어,2.3,39,2.4,2.8,2.5,2.6,2.2,18,38,21
90259,(주)엠피알디,2.3,39,2.4,2,2.6,2.6,2,18,37,13
60893,(주)웨어밸리,2.2,39,2,2.3,2.3,2.4,1.9,26,13,15
147874,(주)인사이드정보,2.7,39,2.5,2.8,3.1,3.2,2.5,46,41,23
56318,(주)제이티넷,2.6,39,2.5,2.8,2.7,2.4,2.4,33,49,28
336130,(주)키메디,3.1,39,2.9,2.8,3,3.2,2.8,38,49,36
141610,(주)타임게이트,3.1,39,2.9,2.7,2.7,2.9,2.5,38,63,18
59159,(주)해줌,3.5,39,3.1,4.1,3.7,3,3,49,57,33
45408,계영티앤아이(주),1.8,40,2,1.8,1.8,2.7,1.5,10,16,8
84269,나눔기술(주),2.4,39,3.4,1.6,2.1,3,1.8,15,25,5
92078,대원씨앤씨(주),2.8,39,2.3,3.2,2.8,2.6,2.6,36,61,10
78681,로코모(주),1.9,39,1.7,1.6,1.9,2.4,1.7,13,20,13
95238,범일정보(주),2.5,40,2.5,2.8,2.5,2.3,2.2,30,49,13
31109,비앤에프테크놀로지(주),3.2,39,2.7,3.2,3.4,3.3,2.7,46,48,21
23471,씨씨알(주),2,39,1.8,2.9,2.2,2.1,1.5,8,22,8
22754,아바드(주),2.2,40,1.9,1.6,2.6,2.6,2,13,29,10
21337,양재미디어(주),2.3,39,2,2.7,2.3,2.5,2.1,13,38,3
269106,에쓰오씨소프트(주),2.2,39,1.6,2.5,2.2,2.2,1.7,15,22,8
49658,에프지아이(주),1.9,39,1.6,2.1,2.3,2.5,1.7,8,14,13
87204,엘림넷(주),3.2,39,2.5,4.1,3.1,2.9,2.5,49,28,21
91333,위메이드아이오(주),2.5,39,3,2,2.7,2.2,1.8,18,14,5
298275,자우미디어(주),2.8,39,3.2,2.4,3.3,3.8,3.1,49,63,38
12518,잘만테크(주),2.4,39,2.2,2.4,2.5,2.4,2.2,15,19,10
7812,케이디디아이코리아(주),2.4,39,1.9,3.3,2.7,2.4,2.1,13,35,5
52152,키즈노트(주),2.7,39,2.2,2.9,2.9,2.8,2.4,36,49,36
49140,하렉스인포텍(주),3.4,40,3.3,3.9,3.1,3.1,3.1,45,65,38
90497,(주)게이즈,2.1,38,2.2,2.2,2.1,2.1,1.7,21,28,21
197111,(주)넷아이디,2.7,38,2.7,2.7,3,2.8,2.5,24,38,29
329104,(주)더커머스,3.3,38,2.9,3.3,3.2,3.3,2.7,53,63,50
78815,(주)로드컴플릿,3.2,38,2.6,3.7,3.8,3,2.8,42,47,32
215470,(주)신라시스템,2.3,38,2,2.7,2.8,2.2,1.8,11,30,13
308860,(주)워터정보,2.2,38,2.1,2.2,2.3,2.1,2.2,21,32,18
55887,(주)주연테크,2.7,38,2,3.9,2.8,2,2.3,21,35,5
359064,(주)클루커스,4.1,38,4,3.9,3.8,3.9,3.7,82,87,76
358511,(주)탈잉,3.6,39,3.4,3.6,3.6,3.4,3,56,56,51
51515,(주)테르텐,2.8,38,2.4,3.9,2.8,2.8,1.9,26,31,5
360493,(주)핫셀러,4.3,38,4.2,3.8,3.9,4.5,4.2,74,89,71
310124,셀파소프트(주),3.1,38,2.8,2.9,3.2,3.1,2.9,50,62,32
71339,소프트원(주),2.5,38,1.9,2.4,2.4,2.6,2.6,16,41,8
313308,아토리서치(주),2.4,38,2.9,3.3,2.9,2.4,2.1,29,39,18
59945,유시스(주),2.3,38,2.3,2.1,2.8,2.7,2.3,34,53,18
57111,전자조달연구원(주),1.8,38,1.6,1.6,2.5,2,1.7,11,14,8
56849,제노이드(주),2.4,38,2,2.3,2.3,2.6,1.8,18,30,5
156883,트래포트(주),2.2,38,1.9,2.5,2.3,2.4,2,29,33,13
87416,티에이나인(주),2.1,38,2.6,2.2,1.9,2.9,1.9,26,36,18
92336,한국정보시스템,2.9,38,3.4,3.1,3,3.2,2.5,34,53,16
82773,(주)다우인큐브,2.1,37,2,2.5,2.6,2.2,1.8,16,43,5
309099,(주)두꺼비세상,2.6,37,2.6,3.4,2.4,2.5,2.2,35,41,22
71628,(주)세포아소프트,2.4,37,2.4,2,2.6,2.7,2.2,35,43,24
328412,(주)셀메이트,4.1,37,4,4.4,4,3.6,4,78,81,68
313076,(주)소셜미디어센터,3.5,37,3.2,3.7,3.6,3.2,3.3,46,57,38
71338,(주)소프트웨어인라이프,2.1,38,2,2.8,2.2,2.2,1.7,16,22,16
336112,(주)아이티키,2.9,38,2.4,2.8,2.9,2.6,2.7,42,61,16
54622,(주)참좋은인터넷,2,37,1.8,2.3,1.8,2.1,1.8,8,18,8
50990,(주)티모넷,2.8,37,2.8,3.2,2.5,2.7,2.2,22,64,22
312742,(주)패션고코리아,2.5,37,2.4,3.5,2.7,2,1.8,27,37,16
224614,(주)펀진,2.5,37,2.1,2.6,2.2,2.5,2.4,24,38,24
77026,바나플(유),3.1,37,3.2,3.6,2.7,2.6,2.8,43,44,35
30795,빌포스트(주),2.4,37,2,2.5,2.4,2.4,2.1,8,33,8
71345,소프트아이텍(주),2.5,37,2.4,2.3,2.1,2.8,2.2,32,61,14
64650,에프에이솔루션(주),2.9,37,2.8,2.7,2.7,3.1,2.6,38,55,11
64561,엑스엔시스템즈(주),2.8,37,2.1,3.5,2.9,2.8,2.4,22,61,11
64096,엔파인(주),3,37,2.5,3.8,2.6,2.3,2.4,27,43,11
61026,원트리즈뮤직(주),2.4,37,2.2,2,2.5,2.4,2.1,14,27,19
60692,위닉스정보(주),1.8,37,1.5,1.6,1.8,2.5,1.7,11,27,5
308662,이노포스커뮤니케이션즈(주),1.8,37,1.6,1.6,2.1,2.8,1.7,14,17,11
50744,티오이십일(주),2.9,37,2.9,2.8,3.1,3,2.7,41,61,27
94459,(재)한국통계정보원,2.5,37,1.9,3.6,2.9,2.2,2,14,26,11
86159,(주)가민정보시스템,2.7,36,2.2,2.3,3,3,2.5,17,35,14
317999,(주)레전더리스,2.6,36,2.4,3.7,3.3,2.7,2.6,39,42,33
310768,(주)센드버드코리아,4.4,36,4.3,3.8,4.5,4.2,4.2,89,90,78
95061,(주)에이치씨인포,2.3,36,2.3,2.5,2.5,2.6,2.3,19,49,17
13984,(주)이수시스템,3.6,36,3.5,3.7,3.2,3.4,3.1,69,61,36
58229,(주)이포즌,2.7,36,2.9,2.6,2.4,2.9,2.1,31,41,11
328803,(주)푸드테크,3.3,36,2.9,3.5,3.4,3.4,3.2,61,67,53
315659,(주)플레이팅,1.8,36,1.6,2,2.3,2.4,1.9,11,17,14
85388,공영디비엠(주),1.6,36,1.6,2,2,1.9,1.4,8,10,3
84463,기분좋은커뮤니케이션(주),2.3,36,1.8,1.9,2.4,2.7,2.1,6,38,8
74128,사이버이메지네이션(주),2.8,36,1.9,2.6,2.9,3,2.2,19,29,--
92519,위니웍스(주),1.6,36,1.4,2,1.9,2,1.3,6,9,6
58495,이우소프트(주),2.1,36,2.4,3.1,2.1,2,1.8,22,26,19
58359,이지위드(주),3,36,2.6,2.5,2.4,2.9,2.3,33,75,36
208396,케이아이티밸리(주),3.1,36,2.7,3.3,3,2.9,2.8,31,52,36
334976,콩테크(주),3.2,36,3.4,3.2,3.1,3.2,2.9,53,64,53
49622,플랜티넷(주),2.6,36,3.3,3.6,2.4,2.2,2,42,37,6
77099,(주)모코엠시스,3.7,35,3.2,4.2,4.2,3.5,3.2,60,57,29
321373,(주)미트박스글로벌,2.5,35,2.8,3.1,2.5,2.5,2.1,20,31,23
71233,(주)솔바테크놀러지,2.1,35,2,2.7,2.5,2.5,1.9,11,24,9
287825,(주)예람,3,35,2.5,3.5,3.1,2.8,2.6,40,45,23
57295,(주)자이트솔루션,2.9,35,2.1,3.1,2.7,2.1,2.5,34,50,3
55222,(주)지오소프트,1.9,35,1.5,2.7,2.5,2,1.7,11,11,--
89303,(주)하누리티엔,1.8,35,2,2.7,2.1,2,2,9,15,11
84247,나라비전(주),2,35,2.5,1.7,2.5,2.4,1.6,14,10,--
78359,리얼디스퀘어(주),1.8,35,1.7,1.6,2.3,1.8,1.7,9,28,6
31230,비네트(주),1.6,35,1.4,1.6,1.5,2.3,1.2,--,3,3
90350,센텀소프트(주),2,35,1.7,1.8,2,2.3,1.7,20,15,20
68360,아세테크(주),2.5,35,1.7,2.6,2.8,2.7,2.1,14,47,9
171858,안리쓰코퍼레이션(주),2.7,35,3.7,2.7,2,2.5,1.8,26,17,23
63001,영우씨엔아이(주),2.1,35,1.7,3.1,2.4,2.1,1.7,14,13,3
91473,와이에이치데이타베이스(주),2.3,35,2.3,2.3,2.9,2.6,2.1,17,38,14
16081,워터월시스템즈(주),3.5,35,2.5,3.9,3.4,3.3,3.2,54,58,31
90982,유누스(주),2.5,35,2.5,2,2.3,2.6,2.1,23,13,9
60182,유디피(주),3.7,35,3.1,4,3.7,3.3,3.2,51,85,31
88820,캠프모바일,3.9,35,4.1,3.2,4,3.3,3.4,74,86,49
88895,티온네트워크(주),2.9,35,2.8,3.5,2.8,2.5,2.3,34,21,14
75094,(주)브이더블유,2.3,34,2.1,2,2.6,2.7,1.6,12,26,15
193966,(주)에어코드,2.6,34,2.3,3.3,2.8,2.4,2.3,32,26,9
62244,(주)오픈메이트,3.6,34,2.6,3.8,3.8,3.2,3.1,65,69,29
90557,(주)올윈에듀,2.3,34,2.1,3.3,2.2,2.6,2,26,35,24
318839,(주)잉크와오피스,2.9,34,2.4,3.5,2.9,3.3,2.5,44,41,38
312196,(주)케이티엠모바일,2.6,34,2.4,2.8,2.7,2.2,2.4,38,52,32
116300,(주)한위드정보기술,2.1,34,2,3,2.8,3,1.9,12,24,9
81094,도전하는사람들(주),2.7,34,2.9,2.1,2.6,2.8,2.1,26,33,9
79242,라온엔터테인먼트(주),3,34,2.2,3.5,3,2.4,2.3,41,39,6
78209,링인터랙티브(주),2.6,34,2,3,2.4,2.8,2.2,32,38,15
93682,메이븐코리아(주),1.9,34,2,1.5,2.1,2.7,1.6,15,19,24
350579,바른경제티브이(주),3,34,3,2.9,2.9,2.9,2.6,35,56,35
25875,송월타올수건이야기(주),3,34,2.8,2.9,2.8,3.2,2.9,,,
69471,써브나라(주),1.6,34,1.5,1.6,1.9,2.1,1.5,--,11,--
79522,에이제이전시몰(주),2.4,34,2.1,2.2,2.4,2.1,2.1,12,42,12
60523,위트콤(주),2.9,34,2.8,3.4,3,2.5,2.1,24,33,6
14276,이노뎁(주),2.2,34,2.5,2.9,2.4,2.3,2,21,59,12
308899,이노시스컴퍼니(주),3.2,34,2.4,2.7,3.6,2.8,3.2,44,61,21
89342,이롭게,3.3,35,2.7,3.9,3.5,2.8,3.3,54,67,40
58869,이스톰(주),1.8,34,1.7,2.1,2,2.1,1.7,9,28,3
92439,이지스커뮤니케이션즈(주),1.8,34,1.6,2.6,1.8,2.9,1.2,12,3,3
57978,인재아이엔씨(주),2.4,34,2.3,2.6,2.3,2.8,2.1,24,34,9
12248,전능아이티(주),3.4,34,3,3.1,3.5,3.4,3,44,61,35
7498,케이투웹테크(주),1.8,34,1.8,2.2,2.2,2.1,1.5,3,9,--
137922,코드마(주),2.9,35,2.5,2.2,3.2,3.1,2.5,37,37,23
141491,키트랩스(주),2.5,34,2.2,3.3,2.1,2.7,2.2,35,44,32
5744,토피아정보기술(주),2.6,34,2.3,2.4,2.2,2.5,2.5,24,43,6
51029,트리플래닛(주),2.1,34,1.9,2.1,2.5,2.7,2,21,29,26
5318,파이언넷(주),3.8,34,3.6,3.4,3.3,3.3,3.2,71,57,32
87449,퓨처텍(주),2.1,34,1.5,2.7,2.6,2.5,1.9,6,13,3
324848,(유)체리츠,1.8,33,1.7,1.9,1.8,1.5,1.5,12,15,6
317854,(주)가온데이터,2.9,33,2.5,2.7,2.5,2.4,2.5,30,36,9
314275,(주)웹젠온네트,2.7,33,2.7,3.3,3,2.3,2.2,21,39,9
59023,(주)이메인텍,3.2,33,2.8,4.1,3.2,3.3,2.5,42,39,9
258821,(주)이즈파크,3.3,33,2.5,3.5,2.9,3.3,3,39,75,36
56653,(주)제이씨원,2.6,33,2.4,3.7,3.2,2.8,2.4,6,34,6
48187,(주)한싹,2.7,33,2.8,2.9,2.6,2.7,2.3,36,61,33
31246,블룸버그코리아(유),2.9,33,3.7,4.1,3,2.3,2.8,61,70,21
71415,소셜네트워크(주),2.2,33,1.9,2.7,2.4,2.1,1.9,12,30,9
67471,아이티젠(주),2.8,33,2.4,1.7,2.6,3,2.6,27,26,18
64197,엔키소프트(주),1.9,33,1.7,1.8,2,2.5,1.7,6,25,6
13048,인프라닉스(주),2,33,2,1.8,1.8,2.3,1.6,12,29,24
90987,지오니드커뮤니케이션(주),2.2,33,2.2,2.5,2.3,2.9,1.8,33,--,27
83452,(주)넷트루컨설팅그룹,2,32,1.9,1.8,1.6,2.3,1.7,22,20,9
91347,(주)누리어시스템,2.9,32,2.5,2.8,2.8,3.3,2.8,38,45,28
83128,(주)뉴젠솔루션,2.6,32,2.2,3.4,3.2,2.5,2.5,34,39,16
315774,(주)뉴플로이,2.2,32,2.6,2.5,2.3,2.7,1.8,22,28,22
321330,(주)두핸즈,3.2,32,2.7,2.8,3.6,3.1,3.3,50,91,69
367402,(주)먼슬리키친,2.8,33,2.6,3.5,2.1,1.7,2.6,52,58,42
75065,(주)브이엠에스솔루션스,3.4,32,4.2,3.4,2.9,3.5,3.1,53,83,44
150982,(주)지앤티솔루션,2.7,32,2.8,3.3,3,2.7,2.3,28,34,16
52216,(주)클로버추얼패션,3.2,32,3.1,4.3,3.4,2.9,3,66,63,59
96271,(주)토스랩,3.3,32,2.7,3.7,3.4,3.1,3.1,50,42,50
50095,(주)포씨게이트,2.6,33,2.1,2.5,2.6,2.3,1.9,27,36,15
91350,(주)해피라이징,2.6,32,1.9,2.7,3,2.4,2,22,41,16
34103,모우인터렉티브(주),2.3,32,1.8,2.6,2.4,2.4,1.9,19,20,9
66603,앱디스코(주),2.3,32,2.5,3.2,2.9,2.9,2,9,44,3
63310,엠텔레텍(주),2.7,32,2.1,2.3,2.7,2.5,2.3,41,19,16
87262,웨이브홀딩스(주),1.7,32,2,2,1.8,2.3,1.7,6,7,6
59730,유젠플랜에이(주),2.6,32,2.6,2.1,2.6,2.7,2.1,34,13,28
13635,이지인터넷(주),2.1,32,1.6,2.3,2.4,2.1,1.8,16,28,3
279128,타파크로스(주),2.7,32,2.3,2.5,2.6,3.4,2.3,31,48,28
47482,혜만테크(주),2.1,32,2,2.1,2,2.5,2,22,32,16
76652,(주)미루시스템즈,2.5,31,2.4,2.4,2.1,2.4,1.8,19,35,19
94290,(주)바른손이앤에이,2.4,31,2.2,3.4,2.2,2.1,1.8,10,30,6
356680,(주)살다,4.4,32,3.7,4.3,4.6,4.2,4.4,88,91,84
69510,(주)싸인텔레콤,3,31,3,2.4,2.6,3.3,2.5,39,58,42
363958,(주)아라인,1.7,31,1.7,2.1,1.8,1.8,1.6,16,19,16
95023,(주)엔더블유홀딩스,3,31,2.9,2.9,3.1,3.2,2.6,39,50,42
83072,(주)엔와이컴퓨터,2.2,31,2,2.5,2.1,2.1,2.1,10,30,10
313288,(주)오토위니,3.3,31,2.8,3.1,3.5,3.7,3.3,65,77,58
329779,(주)온다,3.9,31,3.3,4.2,4.1,3.6,3.5,65,74,45
206458,(주)웨어밸리데이타,1.9,31,1.8,1.7,2,2.2,1.5,13,15,6
60428,(주)윌비소프트,3,31,2.6,3,2.8,3.2,2.7,42,37,26
53182,(주)케이티샛,3.4,31,3.3,3.7,3,2.8,2.1,45,30,23
339746,(주)파이브센스,3.8,31,3.2,4,3.4,4.2,3.4,48,71,55
204666,(주)피플인사이드,2.8,31,2.6,2.3,2.9,3.1,3.1,48,69,29
49337,(주)픽소니어,3.1,31,2.7,3,2.9,3.2,2.8,52,79,35
87538,(주)홈페이지코리아,2.8,31,2.5,2.5,3.2,3.5,2.5,29,43,23
85784,게임로프트(주),2.8,31,3,3.1,2.7,2.6,2.1,23,5,6
86773,더벨(주),2.7,31,3.8,2.7,2.3,2.9,2.5,45,57,19
91910,스카이에듀(주),2.9,31,2.5,2.2,2.9,2.8,2.3,19,55,10
25303,스터디코드네트웍스(주),3.6,31,3.1,3.6,3.6,3,3.1,52,86,39
308153,유니드컴즈(주),3.2,31,3.2,3.5,3.4,2.9,2.6,42,61,32
55651,지나웍스(주),2.2,31,2,2.8,2.6,2.4,1.6,26,23,13
55620,지니키즈(주),2.7,31,2.4,2.7,2.9,2.6,2,16,22,3
55589,지로드코리아(주),2.1,31,1.7,2,2.3,1.8,1.9,19,29,10
52598,코테크시스템(주),2.5,31,2,2.9,2.3,2.9,2.2,13,27,6
51121,트라이패스(주),2.3,31,2.5,3,2.4,2.3,2.2,23,26,6
92889,트럼피아(주),2,31,2.8,2.6,1.5,2.3,1.5,10,19,6
50565,파워보이스(주),3.1,31,2.7,3.4,3.7,3.1,2.7,35,69,29
333844,(주)씨유박스,2.6,32,2.5,2.4,2.3,2.3,2.4,28,56,28
339281,(주)엔드림,3,30,3.4,2.2,2.8,3,2.7,40,50,37
63652,(주)이원헬스케어,2.4,30,1.8,2.5,2.6,2.9,2.1,17,42,30
57392,(주)잉카엔트웍스,3.3,30,2.1,4,3.5,2.7,3,30,70,13
318414,(주)하이메디,2.5,30,2.4,2.5,2.7,2.3,2.2,23,37,20
187419,(주)헤리트,2.8,30,2.2,3,3.5,3.1,2.5,30,58,7
77963,마티아솔루션(주),2.5,30,1.6,2.7,2.4,2.3,2,13,18,13
77224,모르페우스(주),1.5,30,2,2.1,2.3,2,1.4,13,17,10
32539,버츄얼빌더스(주),2.6,30,2.4,3,2.7,2.6,1.9,23,53,10
26015,솔루피아(주),1.9,30,1.9,2,2,2.4,1.8,--,7,--
71231,솔박스(주),3.2,30,3.1,3.5,2.9,2.8,2.8,30,64,17
22424,아이알링크(주),2.5,30,1.9,3.5,3,2.4,2.3,20,44,3
223906,앤커웨이브(주),3,30,2.8,3.1,3,2.9,2.4,43,38,23
313468,에이팀벤처스(주),2.7,30,3,3.3,3.8,3.1,2.5,27,34,20
62512,오상테크놀로지(주),2.1,30,1.9,1.9,2.2,2.9,1.7,17,20,13
60482,윈즈시스템(주),2,30,1.6,2.3,1.9,1.8,1.5,10,19,--
58828,이씨마이너(주),2.2,30,2.1,2.1,2.3,3.1,1.8,30,33,20
58235,이파트(주),3,30,2.5,3.4,3.1,3.3,2.6,33,48,13
58057,인섹시큐리티(주),1.8,30,1.8,1.5,2.1,2.4,1.5,13,19,13
57794,인텔리안시스템즈(주),2.6,30,2.6,3.2,2.1,2.5,1.9,27,25,13
56479,제이엔테크놀러지(주),2.4,30,2.1,2.3,2.4,2.3,2,10,22,3
91089,콤위즈(주),2.4,30,1.8,2.7,2.5,2.5,2,17,31,10
271552,크리니티(주),3.2,30,2.4,3.6,3.7,3.2,3,50,59,33
329135,테이블매니저(주),2.4,30,2.1,2.7,2.4,2.6,2.1,33,37,37
90425,한국옐로우페이지(주),2.3,30,2.1,2.5,2.6,2.3,2,27,29,17
2879,한국후지제록스정보시스템(주),2.3,30,2.2,2.9,2.4,2.2,1.9,17,21,7
850,호스트웨이아이디씨(주),2.7,30,2.3,2.9,2.7,2.9,2.3,30,48,20
83479,넷블루(주),1.6,31,1.3,2.6,2.2,1.5,1.2,--,4,--
